,,,,,,,,,,,,,,,Sumber,,,,,
No,Nama Destinasi Wisata,Kategori,Pengelola/Owner,Alamat,Dusun,No. WA/Telepon,HTM,Daya Tarik Utama,Jam Operasional,Media Sosial,QRIS Tersedia,Link Google Maps,Instagram,Link Foto,Website lain,Google Maps,Media Sosial,Survei Lapangan,Status Kelengkapan,Catatan
1,Pantai Jantur,Pantai,,,,,,,,,Belum Dicek,,,,TIDAK,YA,TIDAK,TIDAK,Belum Lengkap,
2,Pantai Pasir Putih Watu Karung,Pantai, rnnnn r n                                                                                                                                                                                                                                                                                                                                                                                                                                                                                                                                                                                                                                                                                                                                                                                                                                                                                                                                                                                                                                                                                                                                                                                                                                                                                                                                                                                                                                                                                                                                                                                                                                                                                                                                                                                                                                                                                                                                                                                                                                                             ,,,,,,,,Belum Dicek,,,,TIDAK,TIDAK,TIDAK,TIDAK,Belum Lengkap,
3,Pantai Kasap,Pantai,Bumdes,"Gumuharjo, Watukarung, Pringkuku, Pacitan, Jawa Timur",,087896591233,"Rp15.000,00","Pantai dengan panorama tebing dan laut lepas yang dijuluki ""Raja Ampat-nya Pacitan"", memiliki gardu pandang dengan pemandangan gugusan pulau karang, ombak Samudra Hindia yang indah, serta menjadi lokasi favorit untuk menikmati sunrise, sunset, fotografi, dan wisata alam.",07.30 - 17.30,@pantaikasap.official,Belum Dicek,https://maps.app.goo.gl/iraVqHm5CUvTXfb47?g_st=aw,@pantaikasap.official,,YA,YA,YA,YA,Lengkap,
4,Pantai Waduk,Pantai,Pemda,"Ketro, Watukarung, Kabupaten Pacitan, Jawa Timur",,,,,,,,https://maps.app.goo.gl/pJo16DJ6piKGkSTy8,,,TIDAK,TIDAK,TIDAK,TIDAK,Belum Lengkap,
5,Kali Cokel Pacitan,Sungai,,"Pantai Kasap, Watukarung, Kec. Pringkuku, Kabupaten Pacitan, Jawa Timur, Indonesia",,,,,,,,,,,TIDAK,TIDAK,TIDAK,TIDAK,Belum Lengkap,
6,Spot Foto Raja Ampatnya puncak kasap,Bukit,Bumdes,"Pantai Kasap, Watukarung, Kec. Pringkuku, Kabupaten Pacitan, Jawa Timur, Indonesia",,,Rp. 3.000 - 5.000,Area Selfi View Raja Ampat Pacitan,,,Tidak,https://maps.app.goo.gl/ap64KKfHW5pXEwcDA,,,TIDAK,YA,TIDAK,YA,Belum Lengkap,
7,Pantai Bersah,Pantai,Pemda,,,,"Rp10.000,00",Pantai pasir putih yang panjang seerta dekat dengan tebing terkenal dengan pasirnya yang masih bersih dan cocok untuk menikmati pemandangan laut,,,Tidak,,,,TIDAK,YA,TIDAK,YA,Belum Lengkap,
8,Pantai Blosok,Pantai,Pemda,,,,"Rp10.000,00",Pantai pasir putih yang panjang dengan view laut lepas dan ombak yang tinggi,,,Tidak,,,,TIDAK,YA,TIDAK,YA,Belum Lengkap,
9,Pantai Bercak,Pantai,Bumdes,"Gumulharjo, Watukarung, Pringkuku, Pacitan, Jawa Timur",,,"Rp15,000.00",Pantai pasir putih yang panjang dengan view laut lepas dan ombak yang tinggi,,,Tidak,https://maps.app.goo.gl/3vW9QXgAFUiAkQXNA,,,TIDAK,TIDAK,TIDAK,TIDAK,Belum Lengkap,
10,Pantai Banteng Mati,Pantai,Bumdes,,,,,,,,,,,,TIDAK,TIDAK,TIDAK,TIDAK,Belum Lengkap,
11,Pantai Pedenombo,Pantai,Bumdes,,,,,,,,,,,,TIDAK,TIDAK,TIDAK,TIDAK,Belum Lengkap,
12,Pantai Langitan Wetan,Pantai,Pemda,"Gumulharjo, Watukarung, Pringkuku, Pacitan, Jawa Timur",,,,,,,Belum Dicek,https://share.google/R685WTg6vAgyKcXPl,,,TIDAK,YA,TIDAK,TIDAK,Belum Lengkap,
13,Pantai Sirahtowo,Pantai,,,,,,,,,,,,,TIDAK,TIDAK,TIDAK,TIDAK,Belum Lengkap,
14,Pantai Karung,Pantai,pemda,"Ketro, Watukarung, Pringkuku",,,,spot bersandar perahu nelayan dengan view diapit 2 bukit batu besar,,,,https://maps.app.goo.gl/1XNBcw9SZYew7Wfz6,,,TIDAK,YA,TIDAK,YA,Belum Lengkap,
15,,,,,,,,,,,,,,,TIDAK,TIDAK,TIDAK,TIDAK,Belum Lengkap,
16,,,,,,,,,,,,,,,TIDAK,TIDAK,TIDAK,TIDAK,Belum Lengkap,
17,,,,,,,,,,,,,,,TIDAK,TIDAK,TIDAK,TIDAK,Belum Lengkap,
18,,,,,,,,,,,,,,,TIDAK,TIDAK,TIDAK,TIDAK,Belum Lengkap,
19,,,,,,,,,,,,,,,TIDAK,TIDAK,TIDAK,TIDAK,Belum Lengkap,
20,,,,,,,,,,,,,,,TIDAK,TIDAK,TIDAK,TIDAK,Belum Lengkap,
21,,,,,,,,,,,,,,,TIDAK,TIDAK,TIDAK,TIDAK,Belum Lengkap,
22,,,,,,,,,,,,,,,TIDAK,TIDAK,TIDAK,TIDAK,Belum Lengkap,
23,,,,,,,,,,,,,,,TIDAK,TIDAK,TIDAK,TIDAK,Belum Lengkap,
24,,,,,,,,,,,,,,,TIDAK,TIDAK,TIDAK,TIDAK,Belum Lengkap,
25,,,,,,,,,,,,,,,TIDAK,TIDAK,TIDAK,TIDAK,Belum Lengkap,
26,,,,,,,,,,,,,,,TIDAK,TIDAK,TIDAK,TIDAK,Belum Lengkap,
27,,,,,,,,,,,,,,,TIDAK,YA,TIDAK,TIDAK,Belum Lengkap,
28,,,,,,,,,,,,,,,TIDAK,TIDAK,TIDAK,TIDAK,Belum Lengkap,
29,,,,,,,,,,,,,,,TIDAK,TIDAK,TIDAK,TIDAK,Belum Lengkap,
30,,,,,,,,,,,,,,,TIDAK,TIDAK,TIDAK,TIDAK,Belum Lengkap,
31,,,,,,,,,,,,,,,TIDAK,TIDAK,TIDAK,TIDAK,Belum Lengkap,
32,,,,,,,,,,,,,,,TIDAK,TIDAK,TIDAK,TIDAK,Belum Lengkap,
33,,,,,,,,,,,,,,,TIDAK,TIDAK,TIDAK,TIDAK,Belum Lengkap,
34,,,,,,,,,,,,,,,TIDAK,TIDAK,TIDAK,TIDAK,Belum Lengkap,
35,,,,,,,,,,,,,,,TIDAK,TIDAK,TIDAK,TIDAK,Belum Lengkap,
36,,,,,,,,,,,,,,,TIDAK,TIDAK,TIDAK,TIDAK,Belum Lengkap,
37,,,,,,,,,,,,,,,TIDAK,TIDAK,TIDAK,TIDAK,Belum Lengkap,
38,,,,,,,,,,,,,,,TIDAK,TIDAK,TIDAK,TIDAK,Belum Lengkap,
39,,,,,,,,,,,,,,,TIDAK,TIDAK,TIDAK,TIDAK,Belum Lengkap,
40,,,,,,,,,,,,,,,TIDAK,TIDAK,TIDAK,TIDAK,Belum Lengkap,
41,,,,,,,,,,,,,,,TIDAK,TIDAK,TIDAK,TIDAK,Belum Lengkap,
42,,,,,,,,,,,,,,,TIDAK,TIDAK,TIDAK,TIDAK,Belum Lengkap,
43,,,,,,,,,,,,,,,TIDAK,TIDAK,TIDAK,TIDAK,Belum Lengkap,
44,,,,,,,,,,,,,,,TIDAK,TIDAK,TIDAK,TIDAK,Belum Lengkap,
45,,,,,,,,,,,,,,,TIDAK,TIDAK,TIDAK,TIDAK,Belum Lengkap,
46,,,,,,,,,,,,,,,TIDAK,TIDAK,TIDAK,TIDAK,Belum Lengkap,
47,,,,,,,,,,,,,,,TIDAK,TIDAK,TIDAK,TIDAK,Belum Lengkap,
48,,,,,,,,,,,,,,,TIDAK,TIDAK,TIDAK,TIDAK,Belum Lengkap,
49,,,,,,,,,,,,,,,TIDAK,TIDAK,TIDAK,TIDAK,Belum Lengkap,
50,,,,,,,,,,,,,,,TIDAK,TIDAK,TIDAK,TIDAK,Belum Lengkap,
51,,,,,,,,,,,,,,,TIDAK,TIDAK,TIDAK,TIDAK,Belum Lengkap,
52,,,,,,,,,,,,,,,TIDAK,TIDAK,TIDAK,TIDAK,Belum Lengkap,
53,,,,,,,,,,,,,,,TIDAK,TIDAK,TIDAK,TIDAK,Belum Lengkap,
54,,,,,,,,,,,,,,,TIDAK,TIDAK,TIDAK,TIDAK,Belum Lengkap,
55,,,,,,,,,,,,,,,TIDAK,TIDAK,TIDAK,TIDAK,Belum Lengkap,
56,,,,,,,,,,,,,,,TIDAK,TIDAK,TIDAK,TIDAK,Belum Lengkap,
57,,,,,,,,,,,,,,,TIDAK,TIDAK,TIDAK,TIDAK,Belum Lengkap,
58,,,,,,,,,,,,,,,TIDAK,TIDAK,TIDAK,TIDAK,Belum Lengkap,
59,,,,,,,,,,,,,,,TIDAK,TIDAK,TIDAK,TIDAK,Belum Lengkap,
60,,,,,,,,,,,,,,,TIDAK,TIDAK,TIDAK,TIDAK,Belum Lengkap,
61,,,,,,,,,,,,,,,TIDAK,TIDAK,TIDAK,TIDAK,Belum Lengkap,
62,,,,,,,,,,,,,,,TIDAK,TIDAK,TIDAK,TIDAK,Belum Lengkap,
63,,,,,,,,,,,,,,,TIDAK,TIDAK,TIDAK,TIDAK,Belum Lengkap,
64,,,,,,,,,,,,,,,TIDAK,TIDAK,TIDAK,TIDAK,Belum Lengkap,
65,,,,,,,,,,,,,,,TIDAK,TIDAK,TIDAK,TIDAK,Belum Lengkap,
66,,,,,,,,,,,,,,,TIDAK,TIDAK,TIDAK,TIDAK,Belum Lengkap,
67,,,,,,,,,,,,,,,TIDAK,TIDAK,TIDAK,TIDAK,Belum Lengkap,
68,,,,,,,,,,,,,,,TIDAK,TIDAK,TIDAK,TIDAK,Belum Lengkap,
69,,,,,,,,,,,,,,,TIDAK,TIDAK,TIDAK,TIDAK,Belum Lengkap,
70,,,,,,,,,,,,,,,TIDAK,TIDAK,TIDAK,TIDAK,Belum Lengkap,
71,,,,,,,,,,,,,,,TIDAK,TIDAK,TIDAK,TIDAK,Belum Lengkap,
72,,,,,,,,,,,,,,,TIDAK,TIDAK,TIDAK,TIDAK,Belum Lengkap,
73,,,,,,,,,,,,,,,TIDAK,TIDAK,TIDAK,TIDAK,Belum Lengkap,
74,,,,,,,,,,,,,,,TIDAK,TIDAK,TIDAK,TIDAK,Belum Lengkap,
75,,,,,,,,,,,,,,,TIDAK,TIDAK,TIDAK,TIDAK,Belum Lengkap,
76,,,,,,,,,,,,,,,TIDAK,TIDAK,TIDAK,TIDAK,Belum Lengkap,
77,,,,,,,,,,,,,,,TIDAK,TIDAK,TIDAK,TIDAK,Belum Lengkap,
78,,,,,,,,,,,,,,,TIDAK,TIDAK,TIDAK,TIDAK,Belum Lengkap,
79,,,,,,,,,,,,,,,TIDAK,TIDAK,TIDAK,TIDAK,Belum Lengkap,
80,,,,,,,,,,,,,,,TIDAK,TIDAK,TIDAK,TIDAK,Belum Lengkap,
81,,,,,,,,,,,,,,,TIDAK,TIDAK,TIDAK,TIDAK,Belum Lengkap,
82,,,,,,,,,,,,,,,TIDAK,TIDAK,TIDAK,TIDAK,Belum Lengkap,
83,,,,,,,,,,,,,,,TIDAK,TIDAK,TIDAK,TIDAK,Belum Lengkap,
84,,,,,,,,,,,,,,,TIDAK,TIDAK,TIDAK,TIDAK,Belum Lengkap,
85,,,,,,,,,,,,,,,TIDAK,TIDAK,TIDAK,TIDAK,Belum Lengkap,
86,,,,,,,,,,,,,,,TIDAK,TIDAK,TIDAK,TIDAK,Belum Lengkap,
87,,,,,,,,,,,,,,,TIDAK,TIDAK,TIDAK,TIDAK,Belum Lengkap,
88,,,,,,,,,,,,,,,TIDAK,TIDAK,TIDAK,TIDAK,Belum Lengkap,
89,,,,,,,,,,,,,,,TIDAK,TIDAK,TIDAK,TIDAK,Belum Lengkap,
90,,,,,,,,,,,,,,,TIDAK,TIDAK,TIDAK,TIDAK,Belum Lengkap,
91,,,,,,,,,,,,,,,TIDAK,TIDAK,TIDAK,TIDAK,Belum Lengkap,
92,,,,,,,,,,,,,,,TIDAK,TIDAK,TIDAK,TIDAK,Belum Lengkap,
93,,,,,,,,,,,,,,,TIDAK,TIDAK,TIDAK,TIDAK,Belum Lengkap,
94,,,,,,,,,,,,,,,TIDAK,TIDAK,TIDAK,TIDAK,Belum Lengkap,
95,,,,,,,,,,,,,,,TIDAK,TIDAK,TIDAK,TIDAK,Belum Lengkap,
96,,,,,,,,,,,,,,,TIDAK,TIDAK,TIDAK,TIDAK,Belum Lengkap,
97,,,,,,,,,,,,,,,TIDAK,TIDAK,TIDAK,TIDAK,Belum Lengkap,
98,,,,,,,,,,,,,,,TIDAK,TIDAK,TIDAK,TIDAK,Belum Lengkap,
99,,,,,,,,,,,,,,,TIDAK,TIDAK,TIDAK,TIDAK,Belum Lengkap,
100,,,,,,,,,,,,,,,TIDAK,TIDAK,TIDAK,TIDAK,Belum Lengkap,
101,,,,,,,,,,,,,,,TIDAK,TIDAK,TIDAK,TIDAK,Belum Lengkap,
102,,,,,,,,,,,,,,,TIDAK,TIDAK,TIDAK,TIDAK,Belum Lengkap,
103,,,,,,,,,,,,,,,TIDAK,TIDAK,TIDAK,TIDAK,,
104,,,,,,,,,,,,,,,TIDAK,TIDAK,TIDAK,TIDAK,,
105,,,,,,,,,,,,,,,TIDAK,TIDAK,TIDAK,TIDAK,,
106,,,,,,,,,,,,,,,TIDAK,TIDAK,TIDAK,TIDAK,,
107,,,,,,,,,,,,,,,TIDAK,TIDAK,TIDAK,TIDAK,,
108,,,,,,,,,,,,,,,TIDAK,TIDAK,TIDAK,TIDAK,,
109,,,,,,,,,,,,,,,TIDAK,TIDAK,TIDAK,TIDAK,,
110,,,,,,,,,,,,,,,TIDAK,TIDAK,TIDAK,TIDAK,,
111,,,,,,,,,,,,,,,TIDAK,TIDAK,TIDAK,TIDAK,,
112,,,,,,,,,,,,,,,TIDAK,TIDAK,TIDAK,TIDAK,,
113,,,,,,,,,,,,,,,TIDAK,TIDAK,TIDAK,TIDAK,,
114,,,,,,,,,,,,,,,TIDAK,TIDAK,TIDAK,TIDAK,,
115,,,,,,,,,,,,,,,TIDAK,TIDAK,TIDAK,TIDAK,,
116,,,,,,,,,,,,,,,TIDAK,TIDAK,TIDAK,TIDAK,,
117,,,,,,,,,,,,,,,TIDAK,TIDAK,TIDAK,TIDAK,,