 '2,,,,,,,,,,,,,,Sumber,,,,
No,Nama Usaha,Kategori,Menu/Produk Andalan,Kisaran Harga (Rp),Jam Operasional,Terdaftar di Pokdarwis,No. WA/Telepon,Pantai Terdekat,Alamat,Gmaps Tersedia,Link Google Maps,"Media Sosial
(opsional)",Link Foto,Google Maps,Media Sosial,Survei Langsung,Status Kelengkapan,Catatan
1,Warung Bude Miah,Warung Makan,"Nasi ayam kampung, Nasi Ikan Laut, Nasi soto ayam",2rb - 30rb,09:00-17:00,Belum Dicek,wa.me/6281331940594,Banteng Mati,"Pantai Banteng Mati, kasap, Watukarung, Kec. Pringkuku, Kabupaten Pacitan, Jawa Timur 63552",Tidak,,,https://drive.google.com/drive/folders/15iUijjkdWj8FihsA6D9vmzAy37Mk0TxW?usp=drive_link,Tidak,Tidak,Ya,Belum Lengkap,tambahkan dimaps dan perlu konfirmasi
2,Warung Makan Mbok Yatin,Warung Makan,"Nasi Pecel, Nasi Goreng, Aneka Mie",7rb-10rb,"07.00-16.00
 (weekend)",,-,Bercak,"QX87+8CQ, Pantai Bresah, Watukarung, Kec. Pringkuku, Kabupaten Pacitan, Jawa Timur 63552",Ya,,,,Tidak,Tidak,Tidak,,
3,wr mbak giarti,Warung Makan,Ikan Bakar,5rb - 40rb,06:00 - 20:00 (weekend),Belum Dicek,wa.me/6282334188709,Blosok,"QX86+PC3,  blosok, Area Pesawaham, Watukarung, Kec. Pringkuku, Kabupaten Pacitan, Jawa Timur 63552, Indonesia",Ya,"https://www.google.com/maps/place/wr+bak+sugiarti/@-8.2332411,110.961047,17z/data=!3m1!4b1!4m6!3m5!1s0x2e7bdd0061e0d575:0xfadee2fda2451db9!8m2!3d-8.2332411!4d110.961047!16s%2Fg%2F11wv81lmmx?authuser=0&hl=id&entry=ttu&g_ep=EgoyMDI2MDcwNS4wIKXMDSoASAFQAw%3D%3D",-,https://drive.google.com/drive/folders/1o9dUg1FYPZ9x-hNELlxFSPN00l3rear7?usp=drive_link,Ya,Tidak,Ya,Lengkap,update maps
4,Nalu Beach Shack,Cafe,Snacks,5rb - 40rb,Sabtu - Minggu 08:00 - 19:00             Hari biasa buka jika ada reservasi saja,Belum Dicek,wa.me/6285232480335,Blosok,"Alamat: Jl Ketro, Area Pesawaham, Watukarung, Kec. Pringkuku, Kabupaten Pacitan, Jawa Timur 63552, Indonesia",Ya,https://www.google.com/maps/place/Nalu+Beach+Shack/data=!4m7!3m6!1s0x2e7bdd5cde38bc3f:0x64ddf9589af762e1!8m2!3d-8.2349362!4d110.9683149!16s%2Fg%2F11y3vcllg7!19sChIJP7w43lzdey4R4WL3mlj53WQ?authuser=0&hl=id&rclk=1,instagram.com/nalubeachshack/,https://drive.google.com/drive/folders/1okbu6hmWSfNdC9PoJrEyeVA41aTiRJl2?usp=drive_link,Ya,Tidak,Ya,Lengkap,update maps
5,Blosok Beach Coffee,Cafe,Drinks: Vanilla & Caramel,5rb - 25rb,10:00 - 21:00 (Weekday)             07:00 - 22:00 (Weekend),Belum Dicek,wa.me/6282243766421,Blosok,"Alamat: QX89+484, Area Persawahan, Watukarung, Kec. Pringkuku, Kabupaten Pacitan, Jawa Timur 63552, Indonesia",Ya,https://www.google.com/maps/place/Blosok+Beach+Coffee/data=!4m7!3m6!1s0x2e7bdd006fa630f3:0xd516a3365487af8c!8m2!3d-8.2347308!4d110.9683019!16s%2Fg%2F11z8tk96ff!19sChIJ8zCmbwDdey4RjK-HVDajFtU?authuser=0&hl=id&rclk=1,instagram.com/blosokbeachcoffee/,https://drive.google.com/drive/folders/1HKynf8QbCU2dBaLHYlegwStmw9gxWCdn?usp=drive_link,Ya,Tidak,Ya,Lengkap,update maps
6,Warung Blosok Indah Mak Eny ,Warung Makan,Minuman,start 5rb,06:00 - 17:30,,wa.me/6287721682048,Blosok,"QX89+484, Area Persawahan, Watukarung, Kec. Pringkuku, Kabupaten Pacitan, Jawa Timur 63552",Ya,,,https://drive.google.com/drive/folders/1wIn80Nvgzm3PomPRODgEcU8nWo4w8phv?usp=drive_link,Tidak,Tidak,Ya,Lengkap,tambahkan dimaps 
7,Warung Makan Mbah No,Warung Makan,"Minuman & Degan                      ada wc, kamar mandi, musholla",5rb - 35rb,07:00 - 21:00 (Weekend) & tanggal merah,,wa.me/6282316125181,Blosok,"QX89+484, Area Persawahan, Watukarung, Kec. Pringkuku, Kabupaten Pacitan, Jawa Timur 63552",Ya,,,https://drive.google.com/drive/folders/1Pu1kQeBwKQGgCQNmG4vubK5vQKlYEJE4?usp=drive_link,Tidak,Tidak,Ya,Lengkap,tambahkan dimaps 
8,Warung Mbak Dwi,Warung Makan,Ikan & Degan,5rb - 35rb,tiap hari 07:00 - 18:00,,wa.me/6285233897158,Blosok,"QX89+484, Area Persawahan, Watukarung, Kec. Pringkuku, Kabupaten Pacitan, Jawa Timur 63552",Ya,,,https://drive.google.com/drive/folders/1iypk1eTdFt2a8J4GjbFb5szG9Ap3Pe3Y?usp=drive_link,Tidak,Tidak,Ya,Lengkap,tambahkan dimaps 
9,"Warung Sederhana ""Among Roso"" ",Warung Makan,Minuman & Pop Mie,5rb - 35rb,07:00 - 20:00,,wa.me/628214942437,Blosok,"QX89+484, Area Persawahan, Watukarung, Kec. Pringkuku, Kabupaten Pacitan, Jawa Timur 63552",Ya,,,https://drive.google.com/drive/folders/1C1jLfllKsy5zAoem5zrmlQOp6B7A3ci3?usp=drive_link,Tidak,Tidak,Ya,Lengkap,tambahkan dimaps 
10,Java Resto,Restoran,Menu Prasmanan,8rb-42rb,07:00 - 21:00,Belum Dicek,wa.me/6282142455644,Karung,"Pantai, Watukarung, Pringkuku, Pacitan Regency, East Java 63552",,https://maps.app.goo.gl/MCqkahbyShKiModF8,TikToK: @javaresto1,https://lh3.googleusercontent.com/gps-cs-s/AHRPTWlST80mhFmzY4Xcyomcc04f12x7NjjMT87Uyrc7-SBGA68M58bYrkWZ1Qbzb2LTHh-5Xv0xV3Vl3y3T3pedgaf4RPA7G_Vmht1gSP2TbisfNPdoX9mvBxUko7XqV_0n7M6_TR-ALw=w408-h544-k-no,Ya,Ya,Tidak,Belum Lengkap,
11,Warung Reot  Kasap,Restoran,"Aneka Mie, Snack ",15rb-130rb,weekend,Belum Dicek,-,Kasap,"Pantai Kasap, Watukarung, Kec. Pringkuku, Kabupaten Pacitan, Jawa Timur, Indonesia",Ya,https://www.google.com/maps/place/Warung+Reot++Kasap/data=!4m7!3m6!1s0x2e7bdd005dc16c5f:0xd50891fa57066333!8m2!3d-8.239139!4d110.9828753!16s%2Fg%2F11zc3zvxks!19sChIJX2zBXQDdey4RM2MGV_qRCNU?authuser=0&hl=id&rclk=1,,https://lh3.googleusercontent.com/gps-cs-s/APNQkAFBULoCm8fgzDUDFVlw_H-_xcEMsBI6jnHnop_qcA6zXt_2okDy0SAFXyPfOZ9QNDGLl8Tqo7h_Nm5N3yWZCBZnPeGgIP6ekIVipFpHm0s1HYbrllGGgijRzjMoFRz65Rokh7ySZvZtaQYP=w408-h544-k-no,Ya,Tidak,Tidak,Belum Lengkap,alamt dimaps salah
12,Frizka Drink And Seafood,Oleh-oleh,Aneka olahan seafood krispi,5rb-25rb,07.00-17.00,Belum Dicek,wa.me/62821430575450,Kasap,"Alamat:  kasab, Gumuharjo, Watukarung, Kec. Pringkuku, Kabupaten Pacitan, Jawa Timur",Ya,"https://www.google.com/maps/place/FRIZKA+DRINK+AND+SEAFOOD.+PUSAT+OLEH+OLEH++KASAP/@-8.2402434,110.9829,17z/data=!3m1!4b1!4m6!3m5!1s0x2e7bdd210c1104a7:0x7457770e58ebe404!8m2!3d-8.2402434!4d110.9829!16s%2Fg%2F11rj5kqntt?authuser=0&hl=id&entry=ttu&g_ep=EgoyMDI2MDcwNS4wIKXMDSoASAFQAw%3D%3D",,https://lh3.googleusercontent.com/gps-cs-s/APNQkAE05q5cG2qUxCtN6T21MqOu2ua1C-8Obp02X71uMjgN9XWXK2kLR2qb8K86_7G7Z00sCd9EhJ8xDB1V1pTgDAsDZQseKh_fGfWDv1ltHKU02Brivm1Ca8HHAvBSMPqNYv6cTKUE=w408-h306-k-no,Ya,Tidak,Tidak,Belum Lengkap,
13,Warung makan seafood mbak dilla,Warung Makan,Aneka Olahan Seafood,25rb-50rb/ Orang,07:00 - 17:00 (Weekday)             06:00 - 21:00 (Weekend),Belum Dicek,wa.me/62822452439680,Kasap,"Alamat:  kasap, Ketro, Watukarung, Kec. Pringkuku, Kabupaten Pacitan, Jawa Timur 63511, Indonesia",,https://www.google.com/maps/place/Warung+makan+seafood+mbak+dilla/data=!4m7!3m6!1s0x2e7bdd0073fa1b31:0x3acbd476969374c5!8m2!3d-8.2402434!4d110.9829!16s%2Fg%2F11vk4tz00z!19sChIJMRv6cwDdey4RxXSTlnbUyzo?authuser=0&hl=id&rclk=1,,https://lh3.googleusercontent.com/gps-cs-s/APNQkAF9JsfAhsHt235V4bPV_lJlbILfyjJYnYKL1gdi3emrjgGjQVjehdzMLBuKV51umDjLCZhS_PUVG0Igy_eAeeaJMAn-jNQo5DTYn5dme-GZi8TD5sUL_PZtyjBuBmaZAQH5UXI5wOzPbkk=w408-h725-k-no,Ya,Tidak,Tidak,Belum Lengkap,
14,Mbah Darmo Resto,Restoran,"Nasi Ikan & Ayam Goreng, Nasi Pecel,Soto Pacitan, Aneka Minuman",10rb-25rb,6:30 - 18.00 (weekend),Belum Dicek,wa.me/6285232859801,Kasap,"Pantai Kasap, Watukarung, Kec. Pringkuku, Kabupaten Pacitan, Jawa Timur, Indonesia",Ya,"https://www.google.com/maps/place/Mbah+Darmo+Resto+and+Homestay/@-8.2392953,110.9827244,17z/data=!3m1!4b1!4m6!3m5!1s0x2e7bdda874705523:0x94102e9b62361443!8m2!3d-8.2392953!4d110.9827244!16s%2Fg%2F11llkkm6h2?authuser=0&hl=id&entry=ttu&g_ep=EgoyMDI2MDcwNS4wIKXMDSoASAFQAw%3D%3D",,https://lh3.googleusercontent.com/gps-cs-s/APNQkAEzGAfJJdSVAafoNKj5LPlJNjGOiwlsod2MgcU1q7eb3xdJ7E4e62sIfeVTLSntagwxJ20C8fYoZryl4zsuGXF62tkn6jfdcoI6icz8YamCpW9V9YAIydHgsmjR99mIHiRHOWt6eHAr6fBU=w408-h306-k-no,Ya,Tidak,Ya,Belum Lengkap,alamt dimaps salah
15,Warung Lesehan Rindu Alang Alang,Warung Makan,"Sego Tiwul, Nasi Rames, Ikan Bakar, Soto ",8rb-17rb,07:00-17:00,Belum Dicek,wa.me/6282312548801,Kasap,"Pantai Kasap, Watukarung, Kec. Pringkuku, Kabupaten Pacitan, Jawa Timur, Indonesia",Ya,https://www.google.com/maps/place/Warung+Lesehan+Rindu+Alang+Alang/data=!4m7!3m6!1s0x2e7bdde990544e83:0x6f234702ff5dda62!8m2!3d-8.239902!4d110.9813866!16s%2Fg%2F11fy_drbwy!19sChIJg05UkOndey4RYtpd_wJHI28?authuser=0&hl=id&rclk=1,-,https://lh3.googleusercontent.com/gps-cs-s/APNQkAGr8nCLTmKqVBxhRUG5LqxQDa4RNTeWcJzOl6Lq-dI4Z7abYc4FTq7sxmZh4dXuvfm4P5koLxnvNtGkWWIPdvoBmmiquDen1yQBGpet1WBgdxTFJKtRCOx7UhwS1wQzPCwq2aROZw=w408-h550-k-no,Ya,Tidak,Ya,Lengkap,
16,Yu Minah Resto (Warung Prasmanan Mbok Minah),Restoran,Aneka Olahan Seafood,25k/ orang,,Belum Dicek,wa.me/62853366431510,Kasap,"Alamat: QX7M+792, Gumuharjo, Watukarung, Kec. Pringkuku, Kabupaten Pacitan, Jawa Timur, Indonesia",,https://www.google.com/maps/place/Yu+Minah+Resto+%28Warung+Prasmanan+Mbok+Minah%29/data=!4m7!3m6!1s0x2e7bddc289c0f53b:0xce47426978b505ef!8m2!3d-8.2368527!4d110.9833831!16s%2Fg%2F11g88c11pz!19sChIJO_XAicLdey4R7wW1eGlCR84?authuser=0&hl=id&rclk=1,,https://lh3.googleusercontent.com/gps-cs-s/APNQkAEmRZ9Wkq0szl7DxX2YL0-IV3zpGNWqAh4cyW2yw5WMKXCHDMVysfvlR34v_UAKgWoWyn5kWCK3zaj2e-zgY26CLfZIdwmCMSNf56AFWS0MluICgrRsuq3d_6QI9FpER27mp96a=w408-h491-k-no,Ya,Tidak,Tidak,Belum Lengkap,
17,Pentol kuah legends,Warung Makan,-,,06.00 - 17.00 (weekend),Belum Dicek,,Kasap,"Alamat:  kasap, Indonesia",Ya,https://www.google.com/maps/place/Pentol+kuah+legends/data=!4m7!3m6!1s0x2e7bdd0077e79181:0xf66c723897a7c072!8m2!3d-8.2399481!4d110.9817889!16s%2Fg%2F11xw2j1h3_!19sChIJgZHndwDdey4RcsCnlzhybPY?authuser=0&hl=id&rclk=1 ,,https://lh3.googleusercontent.com/gps-cs-s/APNQkAFy_XBITjZKZek0mwmKAIzXZOP1_q5sdsgHJLvHhgAC6BKc_tOXsw4RgN0WZQmQr0cpDreBCWFHtZUWfdBMo_L9g-f9B55kZShGsatJAZxTxqJsj4zv9qoo4NuX8YF8Xp6i-WKyb2ffUeLa=w408-h544-k-no,Ya,Tidak,Tidak,Belum Lengkap,
18,Lintang Arum Cafe,Cafe,"snacks, nasi, minuman",8rb - 30rb,06:00 - 16:00,Belum Dicek,wa.me/62821433409490,Kasap,"Pantai Kasap, Watukarung, Kec. Pringkuku, Kabupaten Pacitan, Jawa Timur, Indonesia",Ya,https://www.google.com/maps/place/Lintang+Arum+Cafe/data=!4m7!3m6!1s0x2e7bdd004c2fb485:0x5c84784f93dd9bd2!8m2!3d-8.2399767!4d110.9809215!16s%2Fg%2F11vk7mbtg_!19sChIJhbQvTADdey4R0pvdk094hFw?authuser=0&hl=id&rclk=1,https://www.instagram.com/lintangarum.caffe,https://lh3.googleusercontent.com/gps-cs-s/APNQkAE4UAWp7S-2rf2IyILX9Rx-6nlURseZs85e6fCd1a-3xzpxGkUrnjIq65dqJibTO3UplcnavfjQTb2GpzUjlfe26MPcT5EI3pe7OxvGIgqcTdOK7binKsT11jx1rLmEs-KMzUnZ1_EucJ66=w532-h240-k-no,Ya,Ya,Ya,Lengkap,
19,Warung Dik Zain,Warung Makan,"Seafood, Minuman",10rb-30rb,05:00 - 16:00,Belum Dicek,wa.me/6285234723542,Kasap,"Pantai Kasap, Watukarung, Kec. Pringkuku, Kabupaten Pacitan, Jawa Timur, Indonesia",Ya,https://www.google.com/maps/place/Warung+Dik+Zain/data=!4m7!3m6!1s0x2e7bdd0071bbf48f:0x3e8507289b0b434f!8m2!3d-8.2399027!4d110.9828457!16s%2Fg%2F11xgd5ps8c!19sChIJj_S7cQDdey4RT0MLmygHhT4?authuser=0&hl=id&rclk=1,,https://lh3.googleusercontent.com/gps-cs-s/APNQkAEdqF3x0LPB4e1wA_GShaL1SjNn9oA3rTUfAbso_C_V53TxpRVtENZXpBB4Se6-10A58-e4Y_-3fStFeYuyXRfqzXQS1jX6l9SQdMPvU1ExJCuvUXNBZsOVyap6y4FQ-y7M_7oP6w0YFw9o=w408-h544-k-no,Ya,Tidak,Ya,Lengkap,
20,warung mak iyek kasap,Warung Makan,-,-,weekend,Belum Dicek,,Kasap,"Pantai kasap, Gumuharjo, Watukarung, Kec. Pringkuku, Kabupaten Pacitan, Jawa Timur",Ya,https://maps.app.goo.gl/7ivFY73cKsbHPcMs6,,,Ya,Tidak,Ya,Belum Lengkap,
21,Warung Prasmanan Mbok Inah,Restoran,-,-,-,Belum Dicek,-,Kasap,"Alamat: QX7M+792, Gumuharjo, Watukarung, Kec. Pringkuku, Kabupaten Pacitan, Jawa Timur, Indonesia",,"https://www.google.com/maps/place/Warung+Prasmanan+Mbok+Inah/@-8.2368158,110.9833788,17z/data=!3m1!4b1!4m6!3m5!1s0x2e7bdd002fe9976f:0x963bdf866a9c0a42!8m2!3d-8.2368158!4d110.9833788!16s%2Fg%2F11xllp1f8b?authuser=0&hl=id&entry=ttu&g_ep=EgoyMDI2MDcwNS4wIKXMDSoASAFQAw%3D%3D",,https://lh3.googleusercontent.com/gps-cs-s/APNQkAFn44jfVD8aD_-cLoeQha8fFvozaz1PuoRsM6Iwa9yLxXOCN9PI1QmsKOywfpJBg41_oH2w-G_4BGZXe99fih_jrmOTNYBKFGgiLD0qRt2fP-KheWi2BPaXubYAvXrUA8OLPmbFjopfZWA=w408-h725-k-no,Ya,Tidak,Tidak,Belum Lengkap,
22,Toko & Toilet Umum Mbah Jumiyem,UMKM Lainnya,"Aneka Minuman, Kelapa Muda",1rb-18rb,5:00 - 17:00,,-,Kasap,"Pantai Kasap, Tekil, Watukarung, Gumuharjo, Kabupaten, Kec. Pringkuku, Kabupaten Pacitan, Jawa Timur, Indonesia",Tidak,,,,Tidak,Tidak,Tidak,,
23,"Omah Jajan ""Cipto Roso""",Oleh-oleh,"Tahu Tuna, Otak-otak Tuna, Aneka Camilan",-,06.00-18.00,,wa.me/6282246598054,Kasap,"Pantai Kasap, Tekil, Watukarung, Gumuharjo, Kabupaten, Kec. Pringkuku, Kabupaten Pacitan, Jawa Timur, Indonesia",Ya,,,,Tidak,Tidak,Tidak,,
24,Warung Bu Win,Warung Makan,"Nasi Ikan Bakar, Aneka Seafood",,07.00 - 17.00 (Weekend),,,Kasap,"Pantai Kasap, Tekil, Watukarung, Gumuharjo, Kabupaten, Kec. Pringkuku, Kabupaten Pacitan, Jawa Timur, Indonesia",Tidak,,,,Tidak,Tidak,Ya,Belum Lengkap,maps lagi dibuat
25,Warung Bude Miah,UMKM Rumahan,"Aneka Cemilan, Minuman, Kelapa Muda, dan aneka makanan,  junk food",4rb-20rb,07.00 - 17.00 (Weekend),,,Kasap,"Pantai Kasap, Tekil, Watukarung, Gumuharjo, Kabupaten, Kec. Pringkuku, Kabupaten Pacitan, Jawa Timur, Indonesia",Tidak,,,,Tidak,Tidak,Ya,Belum Lengkap,maps lagi dibuat
26,Warung Budeh Karmi,UMKM Rumahan,"Aneka Cemilan, Minuman, Kelapa Muda, dan aneka makanan,  junk food",4rb-20rb,07.00 - 17.00 (Weekend),,,Kasap,"Pantai Kasap, Tekil, Watukarung, Gumuharjo, Kabupaten, Kec. Pringkuku, Kabupaten Pacitan, Jawa Timur, Indonesia",Tidak,,,,Tidak,Tidak,Ya,Belum Lengkap,maps lagi dibuat
27,Warung Ijo Mamak Party,Warung Makan,,,07.00 - 17.30,,,Kasap,"Pantai Kasap, Tekil, Watukarung, Gumuharjo, Kabupaten, Kec. Pringkuku, Kabupaten Pacitan, Jawa Timur, Indonesia",,,,,Tidak,Tidak,Ya,Belum Lengkap,maps lagi dibuat
28,Warrung Makan Amaliaaa,Warung Makan,"Nasi Ikan Bakar, Aneka Seafood",5rb - 20rb,07.00 - 17.00 (Weekend),,wa.me/6282140375074,Kasap,"Pantai Kasap, Tekil, Watukarung, Gumuharjo, Kabupaten, Kec. Pringkuku, Kabupaten Pacitan, Jawa Timur, Indonesia",Tidak,,,,Tidak,Tidak,Ya,,
29,Warung Makan Mba Intan,Warung Makan,Nasi Ikan,5rb - 35rb,07.00 - 17.00 (Weekend),,wa.me/6288276425564,Kasap,"Pantai Kasap, Tekil, Watukarung, Gumuharjo, Kabupaten, Kec. Pringkuku, Kabupaten Pacitan, Jawa Timur, Indonesia",Tidak,,,,Tidak,Tidak,Ya,Belum Lengkap,
30,Warung Seafood Mba Dilla,Warung Makan,Seafood,10rb - 30rb,07.00 - 17.00 (Weekend),,wa.me/6282245243968,Kasap,"Pantai Kasap, Tekil, Watukarung, Gumuharjo, Kabupaten, Kec. Pringkuku, Kabupaten Pacitan, Jawa Timur, Indonesia",Ya,,,,Tidak,Tidak,Tidak,Belum Lengkap,
31,Mie Ayam Pangsit & Bakso Hidayah Wonogiri,Warung Makan,Mie Ayam dan Bakso,5rb - 15rb,08.00 - 17.00 (Weekend),,-,Kasap,"Pantai Kasap, Tekil, Watukarung, Gumuharjo, Kabupaten, Kec. Pringkuku, Kabupaten Pacitan, Jawa Timur, Indonesia",Tidak,,,,Ya,Tidak,Ya,Lengkap,
32,Resto Seafood Mbak Rita,Restoran,Seafood Bakar,25rb-50rb/ orang,07.00-21.00,Belum Dicek,wa.me/62852598010130,Pasir Putih Watukarung,"Jalan RT.01/RW.7, Ketro, Watukarung, Kec. Pringkuku, Kabupaten Pacitan, Jawa Timur 63552, Indonesia",Ya,"https://www.google.com/maps/place/Resto+Seafood+Mbak+Rita/@-8.2357558,110.9724163,17z/data=!3m1!4b1!4m6!3m5!1s0x2e7bddc2eb7674c1:0x255f1acc2c28effa!8m2!3d-8.2357558!4d110.9724163!16s%2Fg%2F11j19r1cqd?authuser=0&hl=id&entry=ttu&g_ep=EgoyMDI2MDcwNi4wIKXMDSoASAFQAw%3D%3D",,https://lh3.googleusercontent.com/gps-cs-s/APNQkAFIptKJlXnByZu-FGLCnf2BmswzsZFnHuuho9hPgRV8M5RCrTYcdQlBGE8v7aaB-dv0DJR2HrhPPR9DAzDbH5qsCC_QLbYxfyAA1uxBUYOJ6OtlOgTxKyxXlLKDJ2XsjPkUuD8laSfi6zY=w408-h544-k-no,Ya,Tidak,Tidak,Lengkap,
33,Warung Makan Mbak Pia,Warung Makan,Aneka Olahan Seafood,12rb - 40rb,07.00 - 18.00,Belum Dicek,wa.me/6282234455156,Pasir Putih Watukarung,"Watukarung, Kec. Pringkuku, Kabupaten Pacitan, Jawa Timur 63552, Indonesia",Ya,https://www.google.com/maps/place/Warung+Makan+Mbak+Pia/data=!4m7!3m6!1s0x2e7bdd007a112ff7:0x2f04febd03ccbe8d!8m2!3d-8.2367224!4d110.972953!16s%2Fg%2F11mdvx98xf!19sChIJ9y8RegDdey4Rjb7MA73-BC8?authuser=0&hl=id&rclk=1,,https://lh3.googleusercontent.com/gps-cs-s/AHRPTWkjTyfjvI51FvYQfJg2P1vMj6bKBKfj81lFktvlr72otbVCXtdXzzxV3LsjtEqeeIBgWvmBkxDmJrGkJI3ULAYXgWDfog1qdiA2_BSW3iHucxInJlG0-qBO9nZmKV5Z3Z1VVQDWmqNbCYDk=w408-h544-k-no,Ya,Tidak,Tidak,Belum Lengkap,
34,Warung Makan Bu Prapti  Watukarung,Restoran,"Lobster, Ikan bakar",3rb - 35rb,07.00 - 20.00,Belum Dicek,wa.me/6282332000259,Pasir Putih Watukarung,"Ketro, RT.01/RW.06, Ketro, Watukarung, Kec. Pringkuku, Kabupaten Pacitan, Jawa Timur 63552, Indonesia",Ya,"https://www.google.com/maps/place/Warung+Makan+Bu+Prapti++Watukarung/@-8.2366937,110.9728954,17z/data=!3m1!4b1!4m6!3m5!1s0x2e7bddbfbd3bc7bb:0xf88171d2ed0091be!8m2!3d-8.2366937!4d110.9728954!16s%2Fg%2F11ggz5dpf9?authuser=0&hl=id&entry=ttu&g_ep=EgoyMDI2MDcwNi4wIKXMDSoASAFQAw%3D%3D",,https://lh3.googleusercontent.com/gps-cs-s/APNQkAFpyaB6KhWSSEq53J71FLNN5MGNLPhlEn5tW1ASob4i8m7NAQz-T4Dt6znIlJoQ0WEStdlbo_TSqBBpremcimvkki8XdC-etPOzMO6iNCCLMOpdy0ztwj0WurvQU1B8QMIgK94l=w408-h306-k-no,Ya,Tidak,Ya,Belum Lengkap,lengkapi foto maps 
35,Rumah Papa Rari,Warung Makan,-,,,Belum Dicek,wa.me/62822439386510,Pasir Putih Watukarung,"Ketro, Watukarung, Kec. Pringkuku, Kabupaten Pacitan, Jawa Timur 63552, Indonesia",Ya,"https://www.google.com/maps/place/Rumah+Papa+Rari/@-8.2367036,110.9732694,17z/data=!3m1!4b1!4m6!3m5!1s0x2e7bdd6d303db423:0xfd6f5ce10cd456a6!8m2!3d-8.2367036!4d110.9732694!16s%2Fg%2F11sjlh7hbn?authuser=0&hl=id&entry=ttu&g_ep=EgoyMDI2MDcwNi4wIKXMDSoASAFQAw%3D%3D",,https://lh3.googleusercontent.com/gps-cs-s/APNQkAGk7izdMt4jCEgO0G6yMwqUkMdmnJ9q6hR4Gl8GJiFH0xYnQG4CmAuX3G-xfexYXF-FkgcNJ-Jded9ibOzwWVmUOCp34os1NtCef7jpygPgDec8gXYxaUSo2aRkOP-7oKg1lQoq=w408-h725-k-no,Ya,Ya,Ya,Belum Lengkap,
36,Warung makan mbak asih,Warung Makan,-,,,Belum Dicek,wa.me/62821395551750,Pasir Putih Watukarung,"Ketro, Watukarung, Kec. Pringkuku, Kabupaten Pacitan, Jawa Timur 63552, Indonesia",Ya,https://www.google.com/maps/place/Warung+makan+mbak+asih/data=!4m7!3m6!1s0x2e7bdda045ac1d31:0xe9f47bb7886d3c86!8m2!3d-8.2378351!4d110.9737433!16s%2Fg%2F11p9w_c4zt!19sChIJMR2sRaDdey4RhjxtiLd79Ok?authuser=0&hl=id&rclk=1,,https://lh3.googleusercontent.com/gps-cs-s/APNQkAF7ORnO6CX36w2OPXTVnfXQW3itt7joBSKPemL74-eL9zpnc7-PUgOQho3YusHniy4ULVPKnnR6MLNQP1L6tTA5Mk_jXz0i5lxmWMg1n8F_RdxiVM9ia-C8tMuwAPnDlMpUL6rl447zMneT=w408-h544-k-no,Ya,Tidak,Tidak,Belum Lengkap,
37,Rumah makan Bu munirah / Mama mumun,Warung Makan,"Ikan bakar, udang goreng, cumi goreng, kelapa muda",10rb-100rb,07.00 - 17.00 weekend,Belum Dicek,wa.me/62852338970400,Pasir Putih Watukarung,"Ketro, Watukarung, Kec. Pringkuku, Kabupaten Pacitan, Jawa Timur 63552, Indonesia",Ya,https://www.google.com/maps/place/Rumah+makan+Bu+munirah+%2F+Mama+mumun/data=!4m7!3m6!1s0x2e7bdd4294204459:0x9b8a7ccfccf915aa!8m2!3d-8.2385163!4d110.9738938!16s%2Fg%2F11vkd8ftyn!19sChIJWUQglELdey4RqhX5zM98ips?authuser=0&hl=id&rclk=1,,https://lh3.googleusercontent.com/gps-cs-s/APNQkAF07PTLFLo0uAgMtA6iVCILL8fFM5h8v5RiRJrcNvdonvGR4LSDM-be1rIQN0a5Gs58j0c1_KlmiwDLppj9ekK55NcGRxQFP001iO2AMpLoEkTvjNuMtH0z7L6IRg1JoLBBWuP-=w408-h272-k-no,Ya,Tidak,Ya,Belum Lengkap,
38,Kedai Artomoro (Pak Roni Watukarung Pinggir),Restoran,"lobster, kepiting",,,Belum Dicek,wa.me/6282142781006,Pasir Putih Watukarung,"Ketro, Watukarung, Pringkuku, Pacitan Regency, East Java 63552, Indonesia",Ya,"https://www.google.com/maps/place/KEDAI+ARTOMORO+(PAK+RONI+WATUKARUNG+PINGGIR+)/@-8.238089,110.9739828,17z/data=!3m1!4b1!4m6!3m5!1s0x2e7bdd33868c4b71:0xb2cd3926bc9fa2ba!8m2!3d-8.238089!4d110.9739828!16s%2Fg%2F11hdx7jt08?authuser=0&hl=id&entry=ttu&g_ep=EgoyMDI2MDcwNi4wIKXMDSoASAFQAw%3D%3D",,https://lh3.googleusercontent.com/gps-cs-s/APNQkAFaguLkhcHdNjFHw3ulEeO6vz2kE1gnYPb9RS_OWllSohSuS2TAm53WmFy5RL_En_p14M17srZ92u9VVNk5_sJvfDWpr-8_rez8Ylb1ahSDkmt_A2d4g6uf9sqDJ13nFiNYKzSI=w408-h306-k-no,Ya,Tidak,Tidak,Belum Lengkap,lengkapin foto maps
39,"W,R mbak wulan",Warung Makan,"ikan bakar, udang bakar, lobster",5rb-700rb,07.00 - 21.00 ,Belum Dicek,wa.me/62823351777320,Pasir Putih Watukarung,"Ketro, Watukarung, Kec. Pringkuku, Kabupaten Pacitan, Jawa Timur 63552, Indonesia",Ya,"https://www.google.com/maps/place/W,R+mbak+wulan/data=!4m7!3m6!1s0x2e7bddfca56e4d03:0xfb2b7813f0887107!8m2!3d-8.236559!4d110.9727049!16s%2Fg%2F11rhdt2zm_!19sChIJA01upfzdey4RB3GI8BN4K_s?authuser=0&hl=id&rclk=1",,https://lh3.googleusercontent.com/gps-cs-s/APNQkAEy-7W-JtTRGWGMgeyOj0y_UzhUZeouoRccSn54y0eY40R-BjRCv1c6b36YA8CimX0WeJ-MHvK-e2m8I-IeEKI5i1pm1BWldtIJAsmYxp6TtNCErS5KM1BksbWrTtkQ8uSXV5i7ZA=w426-h240-k-no,Ya,Tidak,Ya,Belum Lengkap,
40,Warung Mbah Slamet Kasap,Restoran,-,,08.00-12.00,Belum Dicek,wa.me/62852312017160,Pasir Putih Watukarung,"Alamat: QX6M+642, Gumuharjo, Watukarung, Kec. Pringkuku, Kabupaten Pacitan, Jawa Timur, Indonesia",,https://www.google.com/maps/place/Warung+Mbah+Slamet+Kasap/data=!4m7!3m6!1s0x2e7bdde9b79d343f:0xf9de732e21bb9f57!8m2!3d-8.2394859!4d110.9827515!16s%2Fg%2F11g8vm1h68!19sChIJPzSdt-ndey4RV5-7IS5z3vk?authuser=0&hl=id&rclk=1,,https://lh3.googleusercontent.com/gps-cs-s/APNQkAH01wbNTi_cX6_KOHCEDPxNH62Pvv2WocVbyqd0SWzXQsX6mvR6vtQ6Qd3ExypbSZXa10WECDvojprMUywtjKQsA8B4qo5vftS47PGTtIkO6HYvXJ6OZMtrsdQ2Y3Vtl7aIReA1=w408-h306-k-no,Ya,Tidak,Tidak,Belum Lengkap,
41,Warung Seafood Bu Suratmi,Restoran,-,8rb-35rb,06:00-18:00,Belum Dicek,wa.me/62852594230130,Pasir Putih Watukarung,"Alamat: QX5M+V7M, G, Gumuharjo, Watukarung, Kec. Pringkuku, Kabupaten Pacitan, Jawa Timur 63552, Indonesia",,https://www.google.com/maps/place/Warung+Seafood+Bu+Suratmi/data=!4m7!3m6!1s0x2e7bdd0026bb1fd9:0xaeed113e9e859c00!8m2!3d-8.2402875!4d110.9831719!16s%2Fg%2F11yfyk_hqq!19sChIJ2R-7JgDdey4RAJyFnj4R7a4?authuser=0&hl=id&rclk=1,,https://lh3.googleusercontent.com/gps-cs-s/APNQkAF6VnXPXhlZVfgCTaIGBrFwwifiDDBRPJh7HcXQm51uWJOW2FgvqwgaTOQ4urVdgFqCEwc5REJbNwWiz2qpyJz-kbcncuOXipoN89W78uIDL4k8aZnd6i-ZLqBk34osIu8qKdXjoKt1-d7G=w426-h240-k-no,Ya,Tidak,Tidak,Belum Lengkap,
42,"Warung Makan ""Murah Rejeki"" Yu Sulis",Warung Makan,"Seafood, Ikan Bakar",5rb- 30rb,7:00 - 19:00 (weekend & hari libur),Belum Dicek,wa.me/6282140946714,Pasir Putih Watukarung,"Alamat: QX7C+JC8, Ketro, Watukarung, Kec. Pringkuku, Kabupaten Pacitan, Jawa Timur 63552, Indonesia",Ya,"https://www.google.com/maps/place/Warung+Makan+%22Murah+Rejeki%22+Yu+Sulis/@-8.2359687,110.9710813,17z/data=!3m1!4b1!4m6!3m5!1s0x2e7bdd2dd5686339:0xf45177527394df6c!8m2!3d-8.2359687!4d110.9710813!16s%2Fg%2F11q1r7681x?authuser=0&hl=id&entry=ttu&g_ep=EgoyMDI2MDcwNS4wIKXMDSoASAFQAw%3D%3D ",,https://lh3.googleusercontent.com/gps-cs-s/APNQkAFBlSAe-szFy9hRaxnaWGwsqC_NL4NEZUVtrzRzlKD9m3R07jgR4LET44LfLl8HiuoyDzq1Lhms-0zPD3vg2TpM_Wr0A8Pj_MgQAe0MeUyvinxq2Iwb8cYNaTBpqXkLV1mtE9i5=w425-h240-k-no,Ya,Tidak,Tidak,Lengkap,
43,WM Moro Nyamleng,Warung Makan,Seafood,5rb - 90rb,07:00-18:00 (setiap hari),Belum Dicek,wa.me/62852344533050,Pasir Putih Watukarung,"Alamat: Ketro, Watukarung, Kec. Pringkuku, Kabupaten Pacitan, Jawa Timur 63552, Indonesia",Ya,https://www.google.com/maps/place/WM+Moro+Nyamleng/data=!4m7!3m6!1s0x2e7bdd6ac31efd89:0x10ead4909b39db13!8m2!3d-8.2378027!4d110.9752525!16s%2Fg%2F11zb2bp9r_!19sChIJif0ew2rdey4RE9s5m5DU6hA?authuser=0&hl=id&rclk=1,,https://lh3.googleusercontent.com/gps-cs-s/APNQkAHECsFwmsNdqNR92vEtYc82kw5RE5QBGSLRMtxXf_GxDV5-8WI7oC469arbs34BRTPUd820tOJzkcLXVhobx55qhDgvoahVu6z9CPww7VJK1jxvImCsyNGwDagMnnF5ojSBKLFwtwLK5Gj_=w32-h32-p-k-no,Ya,Tidak,Ya,Belum Lengkap,lengkapin foto maps
44,Ayam bakar abby dan penginapan pondok inueng,Warung Makan,"Aneka Bakaran, Pecel Lele",25rb/ orang,14.00-22.00,Belum Dicek,wa.me/62813827011280,Pasir Putih Watukarung,"Alamat: Ketro, Watukarung, Kec. Pringkuku, Kabupaten Pacitan, Jawa Timur 63552",Ya,"https://www.google.com/maps/place/Ayam+bakar+abby+dan+penginapan+pondok+inueng/@-8.2364477,110.9752667,17z/data=!3m1!4b1!4m6!3m5!1s0x2e7bddb74af60c2d:0x4a3d6f0cd738ea02!8m2!3d-8.2364477!4d110.9752667!16s%2Fg%2F11t3xjphq_?authuser=0&hl=id&entry=ttu&g_ep=EgoyMDI2MDcwNS4wIKXMDSoASAFQAw%3D%3D",,https://lh3.googleusercontent.com/gps-cs-s/APNQkAHXwD4ZMEeIQJt8xyKhrMyrBww1myGDZJ668rDDsRWwtJqpgjLqo9C6_49XjdxU_Ta1zDFhmc7uCi6tyHP244q0qJ6BKvAQqv3Yy8x4OVCEsfkiuH14v68ItGxFeCV_BiH-p1Jp=w408-h885-k-no,Ya,Tidak,Tidak,Belum Lengkap,
45,Restoran Desa Limasan,Restoran,-,,08.00-20.00,Belum Dicek,wa.me/62852344935760,Pasir Putih Watukarung,"Alamat: RT.01/RW.06, Ketro, Watukarung, Kec. Pringkuku, Kabupaten Pacitan, Jawa Timur 63552",Ya,https://www.google.com/maps/place/Restoran+Desa+Limasan/data=!4m7!3m6!1s0x2e7bddf55659141f:0xa4bc12ef7f45a28!8m2!3d-8.2367979!4d110.9753026!16s%2Fg%2F11jzdmqpsr!19sChIJHxRZVvXdey4RKFr09y7BSwo?authuser=0&hl=id&rclk=1,,https://lh3.googleusercontent.com/gps-cs-s/APNQkAHayW9LZ6z_DERveFLGObhGDum8Sjlp2sj3QfBfHonUncQnL5jioS0eDaxzG-uUzMgh5LgYOUepJJH3hHdHbHijOyBXJXskvhlHM23HnCuTr0Xcx0UTYx22UbhHRjrJr6aZv02LnA=w408-h408-k-no,Ya,Tidak,Tidak,Belum Lengkap,
46,Warung makan MBAK MUR,Restoran,"Mie ayam, Bakso, Lontong Pecel",,5.00-16.00,Belum Dicek,wa.me/62823306322070,Pasir Putih Watukarung,"Alamat: QX8F+34V, Ketro, Watukarung, Kec. Pringkuku, Kabupaten Pacitan, Jawa Timur 63552, Indonesia",,"https://www.google.com/maps/place/Warung+makan+MBAK+MUR/@-8.2347565,110.9727834,17z/data=!3m1!4b1!4m6!3m5!1s0x2e7bdd0e37a3c4d9:0xf7b3cd0cc2809f5a!8m2!3d-8.2347565!4d110.9727834!16s%2Fg%2F11j0p3vb6s?authuser=0&hl=id&entry=ttu&g_ep=EgoyMDI2MDcwNS4wIKXMDSoASAFQAw%3D%3D",,https://lh3.googleusercontent.com/gps-cs-s/APNQkAGKvm1k6QjuiHsmrm1UJ9h-jUDz3VaNOQzMoQyCsRf-ClGCMiZ9WPGL6ojdWPwB1DzUuo50hJO5L2so06z6SArm1A7gqh17c-0LW8Fl0yHik1UYT9b2OdRb0PdsA6ab7yW38h0=w112-h112-p-k-no,Ya,Tidak,Tidak,Belum Lengkap,
47,Warung Makan RASA DAMAI,Warung Makan,"Fried Chicken Crispy, Aneka Juice",5rb-25rb,6.00-21.00,Belum Dicek,wa.me/62821313836450,Pasir Putih Watukarung,"Alamat: Dekat Edy homestay, Ketro, Watukarung, Kec. Pringkuku, Kabupaten Pacitan, Jawa Timur 63552, Indonesia",,"https://www.google.com/maps/place/Warung+Makan+RASA+DAMAI/@-8.236316,110.9736095,17z/data=!3m1!4b1!4m6!3m5!1s0x2e7bdd20c0b1f99f:0xc9e4e45f5c4eabec!8m2!3d-8.236316!4d110.9736095!16s%2Fg%2F11mdfkv8n6?authuser=0&hl=id&entry=ttu&g_ep=EgoyMDI2MDcwNS4wIKXMDSoASAFQAw%3D%3D",,https://lh3.googleusercontent.com/gps-cs-s/APNQkAE5uaMtF8ubkrsu0SOWVNLTVR7qWmeZjluxcW4sWapSeCmK5MIYtV90fI8XqQ7rvS9yX5g9te4zb-AWNsE6c9ZaoqnkMwxaX1iwgAKMY1K2qaH8hZ72XNKqi6jE48qO8ucufBU20g=w408-h306-k-no,Ya,Tidak,Tidak,Belum Lengkap,
48,Warung BAKARAN,Warung Makan,"Tempura, Roti Bakar, Burger",2rb-15rb,14.00-19.00,Belum Dicek,wa.me/62813582841090,Pasir Putih Watukarung,"Alamat: Gumulharjo, Ketro, Watukarung, Kec. Pringkuku, Kabupaten Pacitan, Jawa Timur 63552, Indonesia",,https://www.google.com/maps/place/Warung+BAKARAN/data=!4m7!3m6!1s0x2e7bdd66501e8fc3:0x57fe89cfd09d9e6d!8m2!3d-8.2359854!4d110.9728652!16s%2Fg%2F11z589wb6h!19sChIJw48eUGbdey4RbZ6d0M-J_lc?authuser=0&hl=id&rclk=1,,https://lh3.googleusercontent.com/gps-cs-s/APNQkAEvLiNvHtyoh2JuiZBU74Qt9RUg-T-P0zLFtha2e0nKCQYk70xA8UvcA8VjnRaHqp5fEyGe3Fgja9SNtEBW9ToVe0I1EuUwLGPBLl-ssn4BxS2ZShoHfsPe67Ur75fAQOsqnyfuQNGVW5Zp=w426-h240-k-no,Ya,Tidak,Tidak,Belum Lengkap,
49,Kopi Kliyeng,Cafe,Aneka Kopi,-,19.00-02.00,Belum Dicek,wa.me/62813575463080,Pasir Putih Watukarung,"Alamat: QX7G+PW4, Ketro, Watukarung, Kec. Pringkuku, Kabupaten Pacitan, Jawa Timur 63552",,"https://www.google.com/maps/place/Kopi+Kliyeng/@-8.2357496,110.9773368,17z/data=!3m1!4b1!4m6!3m5!1s0x2e7bdd002d128d69:0xff0d4e41e1c8bf75!8m2!3d-8.2357496!4d110.9773368!16s%2Fg%2F11z5dc434h?authuser=0&hl=id&entry=ttu&g_ep=EgoyMDI2MDcwNS4wIKXMDSoASAFQAw%3D%3D",,https://lh3.googleusercontent.com/gps-cs-s/APNQkAEPK0J8VprnxQth1_EKG611hOcCDsbLQ4iKcdHDQ5fbQmkj-MLV6uCSYu6vlHgKUs_UZoC4m9jagNf7bft77nM8OTMuqNgIpBNRlKs7xlGMVZeU-nE-61sAbV2vNABVX7gWiRgAKyRnRFYo=w408-h544-k-no,Ya,Tidak,Tidak,Belum Lengkap,
50,"Warung Makan ""Elingo"" Mbak Wi",Restoran,"Seafood, Ikan Bakar",3rb - 25rb,"6:30 - 18.00 (weekend)
10:00 - 18:00 (weekday)",Belum Dicek,wa.me/6281358759602,Pasir Putih Watukarung,"Alamat: QX7C+M85, Ketro, Watukarung, Kec. Pringkuku, Kabupaten Pacitan, Jawa Timur 63552, Indonesia",Ya,https://www.google.com/maps/place/Warung+Makan+%22Elingo%22+Mbak+Wi/data=!4m7!3m6!1s0x2e7bdd0049bf2a7b:0x14a1a2f219d90237!8m2!3d-8.2358878!4d110.9708278!16s%2Fg%2F11y67l132d!19sChIJeyq_SQDdey4RNwLZGfKioRQ?authuser=0&hl=id&rclk=1,,https://lh3.googleusercontent.com/gps-cs-s/APNQkAHa-mMBJrrXK23zbakFN6Ou_zKV8FsoH9RbP7uqgMyrs2OrWfQSOr8N9axpf8G5VHcyt6J_PAljO50Xr-5OWf0RO0o-wId62i-KsVexCf8B_E4EgdVE07gLC2rS15kOGgpm_NR3yS5WmZ0-=w408-h306-k-no,Ya,Tidak,Tidak,Lengkap,
51,Warung pojok,Cafe,-,,,Belum Dicek,wa.me/62822571897200,Pasir Putih Watukarung,"Alamat: gumulharjo Rw07 No.Rt 01, Ketro, Watukarung, Kec. Pringkuku, Kabupaten Pacitan, Jawa Timur 63552, Indonesia",Ya,https://www.google.com/maps/place/Warung+pojok/data=!4m7!3m6!1s0x2e7bddaa78677107:0x4cefe3937eab1b45!8m2!3d-8.234502!4d110.9710953!16s%2Fg%2F11vkm6bmmp!19sChIJB3FneKrdey4RRRurfpPj70w?authuser=0&hl=id&rclk=1,,https://lh3.googleusercontent.com/gps-cs-s/APNQkAE0rrVtA2HBusBiOuiCVUMgMsytMQq-Sl4sfiCb5WJAbm4owTYim7-YE7Ip3L0rgjCW9yXA8ZTcHKY0VUNMrTp7Uc-fUR5_-Sx_DIAHk6tgxUef9gAyIqOgX1ghdXuiKC9n4GDs=w408-h306-k-no,Ya,Tidak,Tidak,Belum Lengkap,
52,Warung Makan Lagoi,Warung Makan,-,,,Belum Dicek,wa.me/62853318935000,Pasir Putih Watukarung,"Alamat: QX7H+H2V, Jalan Dusun, RT.01/RW.07, Ketro, Watukarung, Kec. Pringkuku, Kabupaten Pacitan, Jawa Timur 63552, Indonesia",Ya,"https://www.google.com/maps/place/Warung+Makan+Lagoi/@-8.2360238,110.9775518,17z/data=!3m1!4b1!4m6!3m5!1s0x2e7bdd23387723f9:0xb90a7c6122cfcbc1!8m2!3d-8.2360238!4d110.9775518!16s%2Fg%2F11fb0rtrp9?authuser=0&hl=id&entry=ttu&g_ep=EgoyMDI2MDcwNS4wIKXMDSoASAFQAw%3D%3D",,https://lh3.googleusercontent.com/a-/ALV-UjUvMXtQTfm5V6AOlKH5bUUmOZXmIRYr6EzwAk_ldIi50Ux6tadE=w36-h36-p-rp-mo-ba12-br100,Ya,Tidak,Tidak,Belum Lengkap,
53,Aloha Sea Food,Warung Makan,"Seafood, Ikan Bakar, Paketan",,"5:00 - 22.00 (weekend), weekday opsional tamu",Belum Dicek,wa.me/6282336622612,Pasir Putih Watukarung,"Alamat: QX7C+M6W, Jalan Kerapu MilakKetro, Ketro, Watukarung, Pringkuku, Pacitan Regency, East Java 63552, Indonesia",Ya,https://www.google.com/maps/place/Aloha+Sea+Food/data=!4m7!3m6!1s0x2e7bdd0074fa5769:0xda51b26e7f3a52d6!8m2!3d-8.2357722!4d110.9705699!16s%2Fg%2F11x8f_tmzg!19sChIJaVf6dADdey4R1lI6f26yUdo?authuser=0&hl=id&rclk=1,,https://lh3.googleusercontent.com/gps-cs-s/APNQkAH8KdQxAlVfOig-qIww4FKwrRLo97CbU6ge2PQ8I0Xlx--hTRNslDnFHwWseaMrRK_HhWzfcGniopSGOuzHofwC7ItPVq2q-tKu4MhRLyh3ZGUAIJqeHPFy5u0_0L3pUn1BgXJ2FDkiH-o0=w408-h544-k-no,Ya,Tidak,Tidak,Lengkap,
54,Warung Makan Pesisir Bu Surati,Warung Makan,"Seafood, Ikan Bakar",,,Belum Dicek,wa.me/62852338351750,Pasir Putih Watukarung,"Alamat: QX7C+HHR, Jalan Dusun, RT.01/RW.07, Ketro, Watukarung, Kec. Pringkuku, Kabupaten Pacitan, Jawa Timur 63552, Indonesia",,https://www.google.com/maps/place/Warung+Makan+Pesisir+Bu+Surati/data=!4m7!3m6!1s0x2e7bdd217eac944b:0x51cadf2b61664318!8m2!3d-8.2360187!4d110.9713908!16s%2Fg%2F11fb0swn5s!19sChIJS5SsfiHdey4RGENmYSvfylE?authuser=0&hl=id&rclk=1,,https://lh3.googleusercontent.com/gps-cs-s/APNQkAF-AVpanEC8swA9iKcvXSSM7xBkpFU7r9bBy4GkVaR_uXtA-Q0U4jaJv-zTQShsagOLe8gAVmpdPIoQklDIHIywmOWVloZvIy-po9FcRyi309LbScWFo0h7skLCrioiggDMoI-d=w32-h32-p-k-no,Ya,Tidak,Tidak,Belum Lengkap,
55,Warung Sukarti  Blosok,Warung Makan,"Aneka cemilan, Minuman",5rb-20rb,06.00-21.00,Belum Dicek,-,Blosok,"Alamat: QX87+R25, GUMULHARJO, Area Pesawaham, Watukarung, Kec. Pringkuku, Kabupaten Pacitan, Jawa Timur 63552",Ya,https://www.google.com/maps/place/Warung+Sukarti++Blosok/data=!4m7!3m6!1s0x2e7bdd9f8500bfd5:0xd38c20554d566e88!8m2!3d-8.2329999!4d110.9626215!16s%2Fg%2F11vb16v_n2!19sChIJ1b8AhZ_dey4RiG5WTVUgjNM?authuser=0&hl=id&rclk=1,,https://lh3.googleusercontent.com/gps-cs-s/APNQkAFIVl5wxYz_TsZrS6erq5_uby0WdBXlqx77psQSNB4lg2DF7UEtux2BLzik3UPSPvogWUBmMUNyIIIo9gsQPu36oaHGhlkwENXSwr7F1GpUEGVjf4CPKHXAuutrvkFdM3ZSj8LzkA=w32-h32-p-k-no,Ya,Tidak,Tidak,Belum Lengkap,
56,"Warung Makan ""Ricky Homestay""",Warung Makan,Seafood,5rb- 130rb,07:00 - 12.00 (weekend),Belum Dicek,wa.me/62852340229700,Pasir Putih Watukarung,"Alamat: QX6F+VF9, Ketro, Watukarung, Kec. Pringkuku, Kabupaten Pacitan, Jawa Timur 63552, Indonesia",Ya,"https://www.google.com/maps/place/Warung+Makan+%22Ricky+Homestay%22/@-8.2378375,110.9737344,17z/data=!3m1!4b1!4m6!3m5!1s0x2e7bdd007a4fc26b:0x1d3554fe1faf2e2d!8m2!3d-8.2378375!4d110.9737344!16s%2Fg%2F11wv3qv_kg?authuser=0&hl=id&entry=ttu&g_ep=EgoyMDI2MDcwNS4wIKXMDSoASAFQAw%3D%3D",,https://lh3.googleusercontent.com/gps-cs-s/APNQkAHg6RP8CmbiLREL-4v3ydjQsDbX_DVUn0OHBB-D_N9SqQFjWFdy9uEigkFSnfVUH4wTbwTnS39y-gdJFCPpLcw0oO5zBm3OxGv8CYMZ_bKgC3TqO2hEsKjd6RxcLwNCZxVCuawQ=w32-h32-p-k-no,Ya,Tidak,Tidak,Belum Lengkap,
57,warung moca adventure,Restoran,-,,,Belum Dicek,wa.me/62823012857380,Pasir Putih Watukarung,"Alamat: QX7C+MG3, Ketro, Watukarung, Kec. Pringkuku, Kabupaten Pacitan, Jawa Timur 63552, Indonesia",Ya,"https://www.google.com/maps/place/warung+moca+adventure/@-8.2358588,110.9712887,17z/data=!3m1!4b1!4m6!3m5!1s0x2e7bddbefeede709:0xf149b70efa4872f4!8m2!3d-8.2358588!4d110.9712887!16s%2Fg%2F11c5xrn3qt?authuser=0&hl=id&entry=ttu&g_ep=EgoyMDI2MDcwNS4wIKXMDSoASAFQAw%3D%3D",,https://lh3.googleusercontent.com/gps-cs-s/APNQkAF3cBXYdNaIdJwzvcmxCYYshieEncHP3Vzu55gbHqgtILBO1egi_wZGjdH416qM2GTdxoLNyDv-PMAtY7Nb6A6D69hUdCXNppyJ40LRIi9zYn0Cu5P5SW7Sefh8nrG5zy7i5Xw=w408-h306-k-no,Ya,Tidak,Tidak,Belum Lengkap,
58,Waroeng Makan Abah Kumis,Restoran,-,,,Belum Dicek,,Pasir Putih Watukarung,"Alamat: QX7G+HWF, Unnamed Road, Kenol, Watukarung, Kec. Pringkuku, Kabupaten Pacitan, Jawa Timur 63552, Indonesia",Ya,"https://www.google.com/maps/place/Waroeng+Makan+Abah+Kumis/@-8.2360534,110.977309,17z/data=!3m1!4b1!4m6!3m5!1s0x2e7bddc054613479:0x39cba7334b9b06d9!8m2!3d-8.2360534!4d110.977309!16s%2Fg%2F11fy_6cmwx?authuser=0&hl=id&entry=ttu&g_ep=EgoyMDI2MDcwNS4wIKXMDSoASAFQAw%3D%3D",,https://lh3.googleusercontent.com/gps-cs-s/APNQkAH1sLKXA8MYwRF4-eNcMWe3t3PdhfvVfONF347JDYPw6gvg5d--Ga_ZbQ_Dhsbppo_Di5aihO-pHQhtosiVW8_m-ABIYgtAMO3RboJO7_JQFYNPSbk7tT6cwf6LO2qndzr2fMSUCA=w426-h240-k-no,Ya,Tidak,Tidak,Belum Lengkap,
59,Warung makan ibu sunarti watukarung pacitan,Warung Makan,"Ikan bakar, seafood",3rb - 600rb,"07.00 - 18.00 (jumat, weekend)",Belum Dicek,wa.me/6281249186887,Pasir Putih Watukarung,"Alamat: Rt01, RW.06, Ketro, Watukarung, Kec. Pringkuku, Kabupaten Pacitan, Jawa Timur 63552, Indonesia",Ya,https://www.google.com/maps/place/Warung+makan+ibu+sunarti+watukarung+pacitan/data=!4m7!3m6!1s0x2e7bdd67229621e7:0x8d69b598f8621af9!8m2!3d-8.2394156!4d110.9755761!16s%2Fg%2F11ml1rnmlt!19sChIJ5yGWImfdey4R-Rpi-Ji1aY0?authuser=0&hl=id&rclk=1,,https://lh3.googleusercontent.com/gps-cs-s/APNQkAFR0LlFDRArTFq46vQ2T-NupUq0js43fjTNDZ56NCx0ucStAi0msk2Dg8GHgQHh8scPJm24GYA_ciSHN2q-5VIRY9BnU9Px9wApztEFww-bK7JnkPXa049vU3L3j2nCLz6sA2EF7wWdHw6D=w32-h32-p-k-no,Ya,Tidak,Ya,Belum Lengkap,"alamat maps nya salah > udah dibenerin titik nya di maps, lengkapin foto maps"
60,Lesehan Spot Kasap Indah,Restoran,-,,,Belum Dicek,wa.me/62853302355440,Pasir Putih Watukarung,"Alamat: Kawasan  Kasap, Gumuharjo, Watukarung, Gumuharjo, Kabupaten, Kec. Pringkuku, Kabupaten Pacitan, Jawa Timur, Indonesia",Ya,"https://www.google.com/maps/place/Lesehan+Spot+Kasap+Indah/@-8.238405,110.9835569,17z/data=!3m1!4b1!4m6!3m5!1s0x2e7bdde82a59a691:0xc9067f5b9f371e57!8m2!3d-8.238405!4d110.9835569!16s%2Fg%2F11dz0kcvlk?authuser=0&hl=id&entry=ttu&g_ep=EgoyMDI2MDcwNS4wIKXMDSoASAFQAw%3D%3D",,https://lh3.googleusercontent.com/gps-cs-s/APNQkAF6LrKuKW_5JwvHK6QGIwQefrAs99Nywp3en1qArRjS98rrcjm7dITdBQ5aedO-cfOaLzv1OVw7BQDZQokN0aTvEMVW-byX-Z8bZgbpO5qyJPELnsgkrY5yvSMVLdgnLNmzoZfwBwRXyGw=w408-h544-k-no,Ya,Tidak,Tidak,Belum Lengkap,
61,Warung Si kembar,Warung Makan,"Seafood, Ikan Bakar",5rb - 40rb,7:30 - 18:00 (weekend),Belum Dicek,wa.me/6282334003467,Pasir Putih Watukarung,"Alamat: QX7C+JC6, Ketro, Watukarung, Kec. Pringkuku, Kabupaten Pacitan, Jawa Timur 63552, Indonesia",Ya,https://www.google.com/maps/place/Warung+Sikembar/data=!4m7!3m6!1s0x2e7bdd8c1568ee29:0xb937f81c6a17dd82!8m2!3d-8.2359576!4d110.9710083!16s%2Fg%2F11h0xq7mxq!19sChIJKe5oFYzdey4Rgt0Xahz4N7k?authuser=0&hl=id&rclk=1 ,,https://lh3.googleusercontent.com/gps-cs-s/APNQkAFzchCRnbWmg6aSKUTGZ7uqaNbRYBXvQvEhE065nxgnYo9_a6p08mb_vIdZYp8Q0n3BXIbLb0GLcs1umE6ZEcOOSrUC1FU8hJowQqoI65m8r8B2nQZQq8FLjWC-Y2F_j2zmyvmt=w408-h306-k-no,Ya,Tidak,Tidak,Belum Lengkap,
62,Pisang goreng Mbok Surati,Cafe,-,,,Belum Dicek,,Pasir Putih Watukarung,"Alamat: QX7F+H58, Ketro, Watukarung, Kec. Pringkuku, Kabupaten Pacitan, Jawa Timur 63552, Indonesia",Tidak,https://www.google.com/maps/place/Pisang+goreng+Mbok+Surati/data=!4m7!3m6!1s0x2e7bdde04a66160f:0x6a463afffdb27a83!8m2!3d-8.2360992!4d110.9730203!16s%2Fg%2F11t0vqc2jg!19sChIJDxZmSuDdey4Rg3qy_f86Rmo?authuser=0&hl=id&rclk=1,,https://lh3.googleusercontent.com/gps-cs-s/APNQkAHGTCQyk2vkiDKauiAkXIrpkkvjTTSRr9MR5aFlzlDKxcetHKxt9wvExF261lNsToVXos1ZlfVhSXVUcjlft8_6fWM-T1LcjfeELgLwkQfLsdubdntqAlJSZMV078khYIsa8jKVuA=w32-h32-p-k-no,Ya,Tidak,Tidak,Belum Lengkap,
63,Warung Makan Dua Nyoman,Cafe,-,,,Belum Dicek,wa.me/62813359508590,Pasir Putih Watukarung,"Alamat: QX7G+9RV, Jalan Desa, RT.02/RW.06, Ketro, Watukarung, Kec. Pringkuku, Kabupaten Pacitan, Jawa Timur 63552",Tidak,https://www.google.com/maps/place/Warung+Makan+Dua+Nyoman/data=!4m7!3m6!1s0x2e7bdd0400edce53:0xc2de1403838a1402!8m2!3d-8.2365076!4d110.9770476!16s%2Fg%2F11gmg48yh3!19sChIJU87tAATdey4RAhSKgwMU3sI?authuser=0&hl=id&rclk=1,,https://lh3.googleusercontent.com/gps-cs-s/APNQkAF-AVpanEC8swA9iKcvXSSM7xBkpFU7r9bBy4GkVaR_uXtA-Q0U4jaJv-zTQShsagOLe8gAVmpdPIoQklDIHIywmOWVloZvIy-po9FcRyi309LbScWFo0h7skLCrioiggDMoI-d=w156-h114-p-k-no,Ya,Tidak,Tidak,Belum Lengkap,
64,Warung Bu Sumini,Warung Makan,"Ikan Bakar, Seafood Bakar",5rb- 130rb,07:00 - 18:00,Belum Dicek,wa.me/62852362656860,Pasir Putih Watukarung,"Alamat: QX7C+HJG, Jalan Dusun, RT.01/RW.07, Ketro, Watukarung, Kec. Pringkuku, Kabupaten Pacitan, Jawa Timur 63552, Indonesia",Ya,https://www.google.com/maps/place/Warung+Bu+Sumini/data=!4m7!3m6!1s0x2e7bdd48c83a045d:0x66ecdfb5630939d4!8m2!3d-8.2360601!4d110.971582!16s%2Fg%2F11fb0sy6m3!19sChIJXQQ6yEjdey4R1DkJY7Xf7GY?authuser=0&hl=id&rclk=1,,https://lh3.googleusercontent.com/gps-cs-s/APNQkAHqjDmhQCA6jY7kFqUk5O8lXtqsapw6BKy6vxt_KvrLcLRPp_rRwb3h0exOwq4bRja6lvQ4NawWLpKexbKA7-d4YeH4_JONMf24CAAEBv2ajoE5BYfYl3h0UGnxF0IOfCuaJhoQnw=w408-h724-k-no,Ya,Tidak,Ya,Lengkap,lengkapin foto maps
65,NGALEMBONO CAFE & RESTO,Restoran,"Seafood, Snacks, Drink, Nasi, Mie","5rb - 30rb
",6:00 - 18:00 (weekday) / 22:00 (weekend),Belum Dicek,wa.me/62813570932280,Pasir Putih Watukarung,"Alamat: QX6J+26W, Gumuharjo, Watukarung, Kec. Pringkuku, Kabupaten Pacitan, Jawa Timur, Indonesia",Ya,"https://www.google.com/maps/place/NGALEMBONO+CAFE+%26+RESTO/@-8.2398937,110.9805645,17z/data=!3m1!4b1!4m6!3m5!1s0x2e7bdd00043bc579:0x4cff4bdf3f83ca8a!8m2!3d-8.2398937!4d110.9805645!16s%2Fg%2F11zjly2t2p?authuser=0&hl=id&entry=ttu&g_ep=EgoyMDI2MDcwNS4wIKXMDSoASAFQAw%3D%3D",https://www.instagram.com/ngalembonocafe/,https://lh3.googleusercontent.com/gps-cs-s/APNQkAEKj1EyHx5ddFVlhvzgiMcbRi7RISGSMS4G61WaL71hpFRcPTC9MLKstDltidu0rj3w6SedPMxsyv2AkDoJFfcRYjbWdXDxAgK_wPzEugQ8xxm0xfZGOSEa6PVRQZvBS9IhH_gSamLJEXuB=w408-h408-k-no,Ya,Ya,Tidak,Lengkap,
66,warung pak tumino,Cafe,-,,,Belum Dicek,,Pasir Putih Watukarung,"Alamat: QX6J+2W3, Gumuharjo, Watukarung, Kec. Pringkuku, Kabupaten Pacitan, Jawa Timur, Indonesia",Ya,"https://www.google.com/maps/place/warung+pak+tumino/@-8.2399944,110.982288,17z/data=!3m1!4b1!4m6!3m5!1s0x2e7bddc4ef9d2b49:0x53f641c46fa367e!8m2!3d-8.2399944!4d110.982288!16s%2Fg%2F11p5f9pb43?authuser=0&hl=id&entry=ttu&g_ep=EgoyMDI2MDcwNS4wIKXMDSoASAFQAw%3D%3D ",,,Ya,Tidak,Tidak,Belum Lengkap,belum ada info apapun di google maps
67,Warung Bu Yati,Cafe,-,,,Belum Dicek,,Pasir Putih Watukarung,"Alamat: QX5M+R7G, Gumuharjo, Watukarung, Kec. Pringkuku, Kabupaten Pacitan, Jawa Timur 63552, Indonesia",,"https://www.google.com/maps/place/Warung+Bu+Yati/@-8.2404358,110.9832171,17z/data=!3m1!4b1!4m6!3m5!1s0x2e7bdd0013bc04d9:0xc391eb79b903086a!8m2!3d-8.2404358!4d110.9832171!16s%2Fg%2F11vm95n0_f?authuser=0&hl=id&entry=ttu&g_ep=EgoyMDI2MDcwNS4wIKXMDSoASAFQAw%3D%3D",,https://lh3.googleusercontent.com/gps-cs-s/APNQkAEzGAfJJdSVAafoNKj5LPlJNjGOiwlsod2MgcU1q7eb3xdJ7E4e62sIfeVTLSntagwxJ20C8fYoZryl4zsuGXF62tkn6jfdcoI6icz8YamCpW9V9YAIydHgsmjR99mIHiRHOWt6eHAr6fBU=w156-h114-p-k-no,Ya,Tidak,Tidak,Belum Lengkap,
68,Warung makan sederhana mbak wulan,Restoran,-,,,Belum Dicek,wa.me/62823303401400,Pasir Putih Watukarung,"Alamat: QXGJ+W5G, Gumuharjo, Watukarung, Kec. Pringkuku, Kabupaten Pacitan, Jawa Timur 63552, Indonesia",,"https://www.google.com/maps/place/Warung+makan+sederhana+mbak+wulan/@-8.2226811,110.9804684,17z/data=!3m1!4b1!4m6!3m5!1s0x2e7bdd608f69dc81:0x2c0b55aefbc74907!8m2!3d-8.2226811!4d110.9804684!16s%2Fg%2F11fs51_fjx?authuser=0&hl=id&entry=ttu&g_ep=EgoyMDI2MDcwNS4wIKXMDSoASAFQAw%3D%3D ",,https://lh3.googleusercontent.com/gps-cs-s/APNQkAFBxvN1MxdhoyBoU_iUgSjjYU4wyo094AN8uiE79xrMagp9kwXSqTUpbtpklPj_dYD0eXo_rDG9kc_UHI9SV4Ou5bf6MvFXHlXoaZFV4WHraS1IJ0G0--IfL2XtUQvxOCu8aIII=w408-h542-k-no,Ya,Tidak,Tidak,Belum Lengkap,jauh dari pantai
69,KOPI NIKUNG,Cafe,-,,,Belum Dicek,,Pasir Putih Watukarung,"Alamat: QX7J+P4R, Unnamed Road, Gumuharjo, Watukarung, Kec. Pringkuku, Kabupaten Pacitan, Jawa Timur 63552, Indonesia",Ya,"https://www.google.com/maps/place/KOPI+NIKUNG/@-8.2356452,110.9802502,17z/data=!3m1!4b1!4m6!3m5!1s0x2e7bddf592818f65:0x5a24ae042f3372d5!8m2!3d-8.2356452!4d110.9802502!16s%2Fg%2F11q2w49pmw?authuser=0&hl=id&entry=ttu&g_ep=EgoyMDI2MDcwNS4wIKXMDSoASAFQAw%3D%3D ",,https://lh3.googleusercontent.com/gps-cs-s/APNQkAFgOrCf7gTEZ1C13FDmz8jniaoFdYKskxfctUQtMu_4XjzAn-MvexHo4-LtNJW6KSeht3YqwfzOuTP6s2E-uZMfjdX4vbGfDtAMP0o15GnwCPxTayu5rNj_6US9y34fv9F09cs=w426-h240-k-no,Ya,Tidak,Tidak,Belum Lengkap,masih kurang informasi di google maps/media sosial
70,Warung Makan Podo Moro,Warung Makan,"Aneka Seafood, Minuman, Ikan bakar",5rb-35rb,7:00 - 17:00,Belum Dicek,,Pasir Putih Watukarung,"Alamat: QX7F+93, Ketro, Watukarung, Kec. Pringkuku, Kabupaten Pacitan, Jawa Timur 63552, Indonesia",Ya,https://www.google.com/maps/place/Warung+Makan+Podo+Moro/data=!4m7!3m6!1s0x2e7bdd006656cb51:0xf5bf03525411d017!8m2!3d-8.2366257!4d110.9728187!16s%2Fg%2F11x0mvpy7g!19sChIJUctWZgDdey4RF9ARVFIDv_U?authuser=0&hl=id&rclk=1 ,,https://lh3.googleusercontent.com/gps-cs-s/APNQkAHXntdDp6_Bs7-_Wv1WONDorABX8Qj6Q9sEYWvQRexge3jJsKvnAlJ-Fu2qILwCbzsXNObO_PB2bo2JmgqJ_8d32aC9pDwYApnZ37JzLBxzmFtATjoOr23LyFyX-WSRjJHDNFsn=w408-h725-k-no,Ya,Tidak,Tidak,Belum Lengkap,belum ada info apapun di google maps
71,Pawon Mbok Mur,Warung Makan,"Seafood, Minuman, Ikan bakar, Mie",4rb - 30rb,05:00 - 19:00 (weekend),Belum Dicek,wa.me/62823845485020,Pasir Putih Watukarung,"Alamat: QX7C+HCX, Ketro, Watukarung, Kec. Pringkuku, Kabupaten Pacitan, Jawa Timur 63552, Indonesia",Ya,"https://www.google.com/maps/place/Warung+Makan+Bu+Murtini/@-8.2360012,110.9711083,17z/data=!3m1!4b1!4m6!3m5!1s0x2e7bddbef8c8805d:0x10fcb7f308f00c82!8m2!3d-8.2360012!4d110.9711083!16s%2Fg%2F11c1xfsxf3?authuser=0&hl=id&entry=ttu&g_ep=EgoyMDI2MDcwNS4wIKXMDSoASAFQAw%3D%3D ",-,https://lh3.googleusercontent.com/gps-cs-s/APNQkAHqjDmhQCA6jY7kFqUk5O8lXtqsapw6BKy6vxt_KvrLcLRPp_rRwb3h0exOwq4bRja6lvQ4NawWLpKexbKA7-d4YeH4_JONMf24CAAEBv2ajoE5BYfYl3h0UGnxF0IOfCuaJhoQnw=w156-h114-p-k-no,Ya,Tidak,Tidak,Lengkap,belum ada info apapun di google maps
72,Warung Makan Bu Murtini,Warung Makan,"Seafood, Minuman, Ikan bakar, Mie, Baju dan alat pantai",4rb- 30rb,05:00 - 19:00 (weekend),Belum Dicek,wa.me/62823845485020,Pasir Putih Watukarung,"Alamat: QX7C+HCX, Ketro, Watukarung, Kec. Pringkuku, Kabupaten Pacitan, Jawa Timur 63552, Indonesia",Ya,,,,Tidak,Tidak,Tidak,,
73,Warung Makan Mbak Tyas,Warung Makan,"Seafood, Minuman, Nasi, Mie",3rb- 100rb,06:00 - 21:00,Belum Dicek,wa.me/62821493022650,Pasir Putih Watukarung,"Alamat: QX7C+HJGJalan, RT.DusunRT.01/RW.07, Ketro, Watukarung, Kec. Pringkuku, Kabupaten Pacitan, Jawa Timur 63552",Ya,"https://www.google.com/maps/place/Warung+Makan+Mbak+Tyas/@-8.2378027,110.9752525,17z/data=!3m1!4b1!4m6!3m5!1s0x2e7bdd27b80a541d:0x6af37e0d2ad03987!8m2!3d-8.2378027!4d110.9752525!16s%2Fg%2F11l5dhyxtd?authuser=0&hl=id&entry=ttu&g_ep=EgoyMDI2MDcwNS4wIKXMDSoASAFQAw%3D%3D ",https://www.instagram.com/wm.mbaktias/,https://maps.app.goo.gl/K4p5nXGZcUgALLgj9,Ya,Ya,Tidak,Lengkap,perlu diperbarui info foto menunya
74,Mi ayam dan Bakso Bismillah,Restoran,"Mie ayam Bakso, Nasi Goreng, Aneka Minuman",15rb-35rb,10.00-21.00,Belum Dicek,wa.me/6281380084390,Pasir Putih Watukarung,"Alamat: QX7F+H5F, gumulharjo, Ketro, Watukarung, Kec. Pringkuku, Kabupaten Pacitan, Jawa Timur 63552, Indonesia",,"https://www.google.com/maps/place/Mi+ayam+dan+Bakso+Bismillah/@-8.2360625,110.9729219,17z/data=!3m1!4b1!4m6!3m5!1s0x2e7bdda6b1840fed:0x3486915041b4f168!8m2!3d-8.2360625!4d110.9729219!16s%2Fg%2F11t_s4m6ky?authuser=0&hl=id&entry=ttu&g_ep=EgoyMDI2MDcwNS4wIKXMDSoASAFQAw%3D%3D",,https://lh3.googleusercontent.com/gps-cs-s/APNQkAE938blK3C2ZJyBPRlO5TwPqDLVve4qVHmZgwYyZ1Kelj0QSkvxURqTmVnyECqnG2jEmDr4UnaPtFXbGU_VNztRU-zxKphsKblZBPvVPV57nxdT-ZTyg-aGojmUJMOvdoZUwMEvRQ=w534-h240-k-no,Ya,Tidak,Tidak,Belum Lengkap,
75,Warung Bu Sarmi,Restoran,,,06:00am - 08:00pm,Belum Dicek,wa.me/6281235064354,Pasir Putih Watukarung,"Alamat: Kios No. 12  Watukarung, Desa, Ketro, Watukarung, Kec. Pringkuku, Kabupaten Pacitan, Jawa Timur 63553, Indonesia",,https://www.google.com/maps/place/Warung+Bu+Sarmi/data=!4m7!3m6!1s0x2e7bdd7a54976531:0x4c18dc3d2b40182e!8m2!3d-8.2359874!4d110.9714001!16s%2Fg%2F11gmg5xs83!19sChIJMWWXVHrdey4RLhhAKz3cGEw?authuser=0&hl=id&rclk=1,,https://lh3.googleusercontent.com/gps-cs-s/APNQkAHqjDmhQCA6jY7kFqUk5O8lXtqsapw6BKy6vxt_KvrLcLRPp_rRwb3h0exOwq4bRja6lvQ4NawWLpKexbKA7-d4YeH4_JONMf24CAAEBv2ajoE5BYfYl3h0UGnxF0IOfCuaJhoQnw=w156-h114-p-k-no,Ya,Tidak,Tidak,Belum Lengkap,
76,Warung makan mbak yuyun,Restoran,"Seafood, Minuman, Ikan bakar, Mie",4rb - 30rb,,Belum Dicek,wa.me/6285230651995,Pasir Putih Watukarung,"Alamat: QX7C+M82, Ketro, Watukarung, Kec. Pringkuku, Kabupaten Pacitan, Jawa Timur 63552, Indonesia",,https://www.google.com/maps/place/Warung+makan+mbak+yuyun/data=!4m7!3m6!1s0x2e7bddc6cc516843:0xccdae5321397c867!8m2!3d-8.2358532!4d110.970762!16s%2Fg%2F11v6sxx8pd!19sChIJQ2hRzMbdey4RZ8iXEzLl2sw?authuser=0&hl=id&rclk=1 ,,https://lh3.googleusercontent.com/gps-cs-s/APNQkAEs3NMnlvFdxHBXtTtUFoTG3uQWCHyF5N-F-o8DsffRaZi5C1YbOMo27ZUZ3XTPqIraSFO3ECQLQWcpYBdDPjB_zP485NIiTf1abIQLEALPU2nA7Dhrn3C7kbDacHTCdXWVLeM=w408-h544-k-no,Ya,Tidak,Tidak,Lengkap,
77,Warung Makan Mendietta Homestay,Restoran,Aneka Olahan Seafood,8b-100rb,07:00 - 17:00,Belum Dicek,wa.me/62812170105790,Pasir Putih Watukarung,"Alamat: QX6F+VF9, Ketro, Watukarung, Kec. Pringkuku, Kabupaten Pacitan, Jawa Timur 63552, Indonesia",,https://www.google.com/maps/place/Warung+Makan+Mendietta+Homestay/data=!4m7!3m6!1s0x2e7bddee45ff7a21:0x5f91aa574962afde!8m2!3d-8.2384031!4d110.9739189!16s%2Fg%2F11rz75ywqv!19sChIJIXr_Re7dey4R3q9iSVeqkV8?authuser=0&hl=id&rclk=1,,https://lh3.googleusercontent.com/gps-cs-s/APNQkAGNF1Edkchdtq630ASw_PcD5W3-3jdbVB_zWM-0xpqRMFmUThZ6c-UKmBBjvXUJ3LkUf454-ggeH2_Jbr1zkLn4sNY28fxEcenuc7rn6TDTzAerE6Yxw5qFVhVwfWzFNO2ng1ABng=w408-h632-k-no,Ya,Tidak,Tidak,Belum Lengkap,
78,Warung Makan Pak Roni,Restoran,Aneka Olahan Seafood,10rb-100rb,06:00 - 18:00,Belum Dicek,wa.me/62821427810060,Pasir Putih Watukarung,"Alamat: QXGJ+W5G, Gumuharjo, Watukarung, Kec. Pringkuku, Kabupaten Pacitan, Jawa Timur 63552, Indonesia",,https://www.google.com/maps/place/Warung+Makan+Pak+Roni/data=!4m7!3m6!1s0x2e7bddf977bb4a45:0xc7b0a95512f7a1a2!8m2!3d-8.222681!4d110.9804684!16s%2Fg%2F11f9f82yl6!19sChIJRUq7d_ndey4RoqH3ElWpsMc?authuser=0&hl=id&rclk=1,,https://lh3.googleusercontent.com/gps-cs-s/APNQkAEfOeQ1VtoDr_jH3AkMzPDEc67uv_TxggjDFLkilMcBcrAeiySuGQybNC588jvWRcpFJcRc7qA9ShKHs9oDZ7PU3UlwzOzPinlCaBrml5_NN0fT-fqdyleBbcQ-18qzudmNHM06=w408-h544-k-no,Ya,Tidak,Tidak,Belum Lengkap,
79,Warung Podjok Mbak Menthik,Warung Makan,ikan bakar,20rb - 130rb,07.00 - 17.00 weekend,Belum Dicek,wa.me/6281262359854,Pasir Putih Watukarung,"Alamat: QX6F+PHM, Unnamed Road, Ketro, Watukarung, Pringkuku, Pacitan Regency, East Java 63552, Indonesia",Ya,https://www.google.com/maps/place/Warung+Mbak+Menthik/data=!4m7!3m6!1s0x2e7bdd112441d475:0x2574f3f2b5f994b5!8m2!3d-8.2386567!4d110.9740332!16s%2Fg%2F11s48qw308!19sChIJddRBJBHdey4RtZT5tfLzdCU?authuser=0&hl=id&rclk=1,,https://lh3.googleusercontent.com/gps-cs-s/APNQkAE1gN5-f7NeAYPlw8l4J__J3Y0g0slHLPY-SvnPzKoICU7qHMRLMVO_zq56rQ1rZpgNieF5hPuOJs4TpPaDojckuQvdFYQOCreeEbOxujRJgyQRSvE1DAudEcd0r1UvBI2dXtmm7w=w408-h306-k-no,Ya,Tidak,Ya,Lengkap,
80,WM. Dua Putri,Warung Makan,Seafood,4rb - 30rb,7:00 - 18:00,,wa.me/6285230237131,Pasir Putih Watukarung,"Pantai, Watukarung, Pringkuku, Pacitan Regency, East Java 63552",Ya,,,,Tidak,Tidak,Tidak,,
81,JP Accessories,Kerajinan,"Gelang Kerang, Kerajinan Pantai",15rb - 35rb,"Weekend 
07:00 - 14:00",,wa.me/6285336116676,Pasir Putih Watukarung,"Pantai, Watukarung, Pringkuku, Pacitan Regency, East Java 63552",Ya,,,,Tidak,Tidak,Tidak,,
82,"Kios Ikan Goreng ""Mbak Rita""",UMKM Rumahan,"Bakso Bakar, Tempura Bakar",2rb - 5rb,07:00 - 17:00,,wa.me/6285259801013,Pasir Putih Watukarung,"Pantai, Watukarung, Pringkuku, Pacitan Regency, East Java 63552",Tidak,,,,Tidak,Tidak,Tidak,,
83,Warung Makan & Mie Ayam Bakso Mbak Temu ,Warung Makan,"Seafood Bakar, Bakso, Mie Ayam",12rb - 40rb,07:00 - 17:00,,wa.me/6285334941944,Pasir Putih Watukarung,"Pantai, Watukarung, Pringkuku, Pacitan Regency, East Java 63552",Ya,,,,Tidak,Tidak,Tidak,,
84,warung mbak iis,Warung Makan,,,,,,Pasir Putih Watukarung,"Pantai, Watukarung, Pringkuku, Pacitan Regency, East Java 63552",Tidak,,,,Tidak,Tidak,Ya,,
85,warung mbak juwita,Warung Makan,ikan bakar,5rb - 30rb,07:00 - 17:00 weekend,,wa.me/6282264257860,Pasir Putih Watukarung,"Pantai, Watukarung, Pringkuku, Pacitan Regency, East Java 63552",Ya,,,,Tidak,Tidak,Ya,,
86,warung makan indah lestari mbak riska,Warung Makan,ikan bakar,5rb - 140rb,weekend,,wa.me/6281296088102,Pasir Putih Watukarung,"Pantai, Watukarung, Pringkuku, Pacitan Regency, East Java 63552",Tidak,,,,Tidak,Tidak,Ya,,
87,Wm. Langkah Indah,Warung Makan,"Seafood, Ikan Bakar",4rb- 25rb,007.00 - 18.00 weekend & liburan,,wa.me/6285334360675,Pasir Putih Watukarung,"Pantai, Watukarung, Pringkuku, Pacitan Regency, East Java 63552",Ya,,,,Tidak,Tidak,Ya,Belum Lengkap,
88,Warung Makan Bu Sokiyah ,Warung Makan,Seafood ,10rb - 30rb,10:00 - 17:00,,wa.me/6282132977893,Pasir Putih Watukarung,"Pantai, Watukarung, Pringkuku, Pacitan Regency, East Java 63552",Tidak,,,,Tidak,Tidak,Tidak,,
89,Wm. Putra Usaha,Warung Makan,"Seafood, Ikan Bakar",5rb- 35rb,6:00 - 21:30 (weekend & liburan),,wa.me/6282331776137,Pasir Putih Watukarung,"Pantai, Watukarung, Pringkuku, Pacitan Regency, East Java 63552",Ya,,,,Tidak,Tidak,Tidak,,
90,Warung Makan Mbak Ida ,Warung Makan,"Seafood, Ikan Bakar",5rb-140rb,"06.00 - 17.00
Weekend",,wa.me/6282331054287,Pasir Putih Watukarung,"Pantai, Watukarung, Pringkuku, Pacitan Regency, East Java 63552",Ya,,,,Tidak,Tidak,Tidak,,
91,Warung Makan Mbak Neli,Warung Makan,Seafood,5rb-140rb,06.00 - selesai (weekend),,wa.me/6281916433493,Pasir Putih Watukarung,"Pantai, Watukarung, Pringkuku, Pacitan Regency, East Java 63552",Tidak,,,,Tidak,Tidak,Ya,,
92,"Warung Makan Pasir Putih ""Cahaya""",Warung Makan,"Seafood, Ikan Bakar",10rb - 100rb,11.00-18.00,,wa.me/6285211290970,Pasir Putih Watukarung,"Pantai, Watukarung, Pringkuku, Pacitan Regency, East Java 63552",Ya,,,,Tidak,Tidak,Tidak,,
93,DA Accessories,Kerajinan,Aksesoris,10rb - 300rb,08.00 - 17.00 weekend,,,Pasir Putih Watukarung,"Pantai, Watukarung, Pringkuku, Pacitan Regency, East Java 63552",Ya,,,,Tidak,Tidak,Ya,,
94,Warung Makan Mbak Pia,Warung Makan,Seafood,5rb - 40rb,07.00 - 18.00 (setiap hari),,wa.me/6282234455156,Pasir Putih Watukarung,"Pantai, Watukarung, Pringkuku, Pacitan Regency, East Java 63552",Tidak,,,https://drive.google.com/drive/folders/1SjlTpfRnut6Sn8z2BXwcItdX2MxFqIEY?usp=drive_link,Tidak,Tidak,Ya,,
95,Warung Makan Bu Surati,Warung Makan,"Seafood, Minuman",10rb-30rb,06.00-17.00,,wa.me/681252705556,Pasir Putih Watukarung,"Pantai, Watukarung, Pringkuku, Pacitan Regency, East Java 63552",Ya,,,,Tidak,Tidak,Tidak,,
96,Wm. Kembar Putra,Warung Makan,Seafood,3rb - 30rb,5:30 - 18:00 (weekend & liburan),,wa.me/6285233893462,Pasir Putih Watukarung,"Pantai, Watukarung, Pringkuku, Pacitan Regency, East Java 63552",Ya,,,,Tidak,Tidak,Ya,,
97,Warung Makan Depi,Warung Makan,Seafood,5rb - 25 rb,07.00 - 18.00 (weekend),,,Pasir Putih Watukarung,"Pantai, Watukarung, Pringkuku, Pacitan Regency, East Java 63552",Tidak,,,https://drive.google.com/drive/folders/1mm-ElwppPBw-ESulkzQCN8OMvSPjDp2G?usp=drive_link,Tidak,Tidak,Ya,Belum Lengkap,
98,Warung Makan Bu Erna,Warung Makan,Makanan ringan dan nasi lauk,,07.00 - 19.00 (weekend),,"wa.me/082257852594
wa.me/081358140470",Pasir Putih Watukarung,"Pantai, Watukarung, Pringkuku, Pacitan Regency, East Java 63552",Ya,https://maps.app.goo.gl/weTBi9yMyq1SnB3g7,,https://drive.google.com/drive/folders/1340RAMqk2wgrdpvNfVqjnW5iPYJgMP2T?usp=drive_link,Tidak,Tidak,Ya,Belum Lengkap,"lokasi jauh dari pantai, update foto"
99,Warung Makan Bu Tutik ,Warung Makan,Seafood Bakar, 10rb-30rb,07.00 - 19.00,,wa.me/6285233897101,Pasir Putih Watukarung,"Pantai, Watukarung, Pringkuku, Pacitan Regency, East Java 63552",Ya,,,,Tidak,Tidak,Tidak,,
100,Warung Makan Mbok'e,Warung Makan,Seafood Bakar,10rb - 200rb,08.00 - 21.00 (weekend),,,Pasir Putih Watukarung,"Pantai, Watukarung, Pringkuku, Pacitan Regency, East Java 63552",Ya,,,https://drive.google.com/drive/folders/1pUrbVbRLGXoCIcTEOoZE_jse0JB3fGf1?usp=drive_link,Tidak,Tidak,Ya,Belum Lengkap,nomor telefon nya gaada
101,"Warung Makan ""Mbak Ning""",Warung Makan,"Ikan bakar, ikan asap, lobster",3rb - 700rb,06.00-18.00 (weekend),,wa.me/6281331942521,Pasir Putih Watukarung,"Pantai, Watukarung, Pringkuku, Pacitan Regency, East Java 63552",Ya,,,https://drive.google.com/drive/folders/1LzhJokxYI9jrknbBHfqzoePuzezpQMtH?usp=drive_link,Tidak,Tidak,Ya,Belum Lengkap,
102,Warung Makan Mbak Wiwid,Warung Makan,Seafood,5rb-600rb,07.00 - 17.00,,wa.me/6282139088191,Pasir Putih Watukarung,"Pantai, Watukarung, Pringkuku, Pacitan Regency, East Java 63552",Ya,,,https://drive.google.com/drive/folders/1z03PB-Fqipd-SXZQaZe73XATuuYwzqwY?usp=drive_link,Tidak,Tidak,Ya,,maps baru dibuat dan lengkapin foto maps
103,Mie Ayam & Bakso Bismillah,Warung Makan,Mie Ayam dan Bakso,10rb-20rb,08.00 - 17.00 ,,wa.me/628138008439,Pasir Putih Watukarung,"Pantai, Watukarung, Pringkuku, Pacitan Regency, East Java 63552",Ya,,,,Tidak,Tidak,Tidak,,
104,Warung Makan Bu Prapti Cabang 2,Warung Makan,"Lobster, Ikan bakar",3rb - 35rb,08.00 - 17.00,,wa.me/6282332000259,Pasir Putih Watukarung,"Pantai, Watukarung, Pringkuku, Pacitan Regency, East Java 63552",Ya,,,https://drive.google.com/drive/folders/1qYKAEnMq6RQpXwMOSwjmaKFBhDKZKdTX?usp=drive_link,Ya,Tidak,Ya,,
105,Aroma Pesisir Denombo,Warung Makan,"Nasi Campur, Ayam Geprek, Ayam Penyet",3rb - 15rb,07:00-17:00,Belum Dicek,wa.me/6285335639412,Pedenombo,"Pantai denombo, kasap, Watukarung, Kec. Pringkuku, Kabupaten Pacitan, Jawa Timur 63552",Ya,,,https://drive.google.com/drive/folders/1RX0eNhVFecOMWxf-guB9r5kY-YuyZuVn?usp=drive_link,Ya,Tidak,Ya,Belum Lengkap,tutup
106,Kedai Afika,Warung Makan,"Kupat Tahu, Soto Ayam",5rb - 15rb,07:00 - 18:00 weekend,Belum Dicek,wa.me/6285203211285,Pedenombo,"Pantai denombo, kasap, Watukarung, Kec. Pringkuku, Kabupaten Pacitan, Jawa Timur 63552",Ya,https://maps.app.goo.gl/pQtkCHbCopTmZ3AC6,,https://drive.google.com/drive/folders/14nW1kU-gIeJrTAgMcTnI8oEVGaZpaOr_?usp=drive_link,Ya,Tidak,Ya,Belum Lengkap,tutup
107,Warung Bu Win,Warung Makan,Aneka makanan dan minuman,,07.30 - 17.00,Belum Dicek,wa.me/6282230066218,Pedenombo,"Gumuharjo, Pantai Kasap, Kec. Pringkuku, Kabupaten Pacitan, Jawa Timur 63552",Ya,https://maps.app.goo.gl/WBhuDNdsCzpinHUh9,,https://maps.app.goo.gl/uBL6Dqbu3oyVZp998,Ya,Tidak,Ya,,tutup
108,Warung Makan Pak No,Warung Makan,"Gado Gado, Lotek",5rb-20rb,08.00 - 17.00,,wa.me/6282233130002,Pedenombo,"Pantai denombo, kasap, Watukarung, Kec. Pringkuku, Kabupaten Pacitan, Jawa Timur 63552",Tidak,,,,Tidak,Tidak,Ya,Belum Lengkap,maps lagi dibuat
109,Warung Mbak Preh,Warung Makan,"Aneka Cemilan, Minuman, Kelapa Muda, dan aneka makanan",4rb-20rb,07.00 - 17.00 (Weekend),,,Pedenombo,"Pantai denombo, kasap, Watukarung, Kec. Pringkuku, Kabupaten Pacitan, Jawa Timur 63552",Tidak,,,,Tidak,Tidak,Ya,Belum Lengkap,maps lagi dibuat
110,Warung Makan JanJen Bukit Waduk,Restoran,"Nasi Rames, Soto Pacitan",25rb-50rb/ orang,7:00 - 18.00 (weekend),Belum Dicek,wa.me/62813259935700,Waduk,"Alamat: RT.01/RW.07, Dusun Gumulharjo, Watukarung, Kec. Pringkuku, Kabupaten Pacitan, Jawa Timur 63552, Indonesia",,https://www.google.com/maps/place/Warung+Makan+JanJen+Bukit+Waduk/data=!4m7!3m6!1s0x2e7bdda2df76aaeb:0xf99b2de7e2a71740!8m2!3d-8.2354596!4d110.9695656!16s%2Fg%2F11lp1rvcbd!19sChIJ66p236Ldey4RQBen4uctm_k?authuser=0&hl=id&rclk=1,,https://lh3.googleusercontent.com/gps-cs-s/APNQkAGUK-8gUt06wygAONdx0pnsKVFP-usr2yGGjbwzfEdvNJL2xNHBT7DStD6h0imPv8ehNdEZ6wo8aa6oCyxYhmqVfwJlL9zW0pX39nfP6wQRNdE4P1BRPnObBRa93vjR3M9-cmM=w408-h725-k-no,Ya,Tidak,Tidak,Belum Lengkap,
111,Warung MBA Uling,Restoran,Aneka Minuman,5rb - 30rb,07:00 - 18:00 weekend,Belum Dicek,-,Waduk,"Alamat: QX79+WR3, Area Pesawaham, Watukarung, Kec. Pringkuku, Kabupaten Pacitan, Jawa Timur 63552, Indonesia",,"https://www.google.com/maps/place/Warung+MBA+Uling/@-8.2354049,110.9696435,17z/data=!3m1!4b1!4m6!3m5!1s0x2e7bdd002b2cae67:0x14361131daea0c2!8m2!3d-8.2354049!4d110.9696435!16s%2Fg%2F11lp1pxtlq?authuser=0&hl=id&entry=ttu&g_ep=EgoyMDI2MDcwNS4wIKXMDSoASAFQAw%3D%3D",,https://lh3.googleusercontent.com/gps-cs-s/APNQkAEy-7W-JtTRGWGMgeyOj0y_UzhUZeouoRccSn54y0eY40R-BjRCv1c6b36YA8CimX0WeJ-MHvK-e2m8I-IeEKI5i1pm1BWldtIJAsmYxp6TtNCErS5KM1BksbWrTtkQ8uSXV5i7ZA=w156-h114-p-k-no,Ya,Tidak,Tidak,Belum Lengkap,
112,Sito's Bar & Pizza,Cafe,Pizza,75rb-100rb,16:00 - 23:00,Belum Dicek,wa.me/6285212149411,Waduk,"QX79+WR3, Area Pesawaham, Watukarung, Kec. Pringkuku, Kabupaten Pacitan, Jawa Timur 63552",,https://maps.app.goo.gl/JtNdVYeoX58i2se87,TikTok: @sitos.pizza7,https://lh3.googleusercontent.com/gps-cs-s/AHRPTWmSbBGuiHkhUrajEMFbQ2JsVie7fMVDbfpFWofDwODc-syl1jZReJ2Dot-DXriWxr-w3q0yq_4wGOAcV6CpQDSTFfh_mZ1TfzI0KImPIBQE55ouI-kVNT8-iSP4DZfWOhPL8HD9wmvDEOs=w408-h544-k-no,Ya,Ya,Tidak,Lengkap,
113,Warung Makan Mbak Sugiarti,Warung Makan,,,,,,,,,,,,Tidak,Tidak,Tidak,,
,,,,,,,,,,,,,,Tidak,Tidak,Tidak,,
,,,,,,,,,,,,,,Tidak,Tidak,Tidak,,
,,,,,,,,,,,,,,Tidak,Tidak,Tidak,,
,,,,,,,,,,,,,,Tidak,Tidak,Tidak,,
,,,,,,,,,,,,,,Tidak,Tidak,Tidak,,
,,,,,,,,,,,,,,Tidak,Tidak,Tidak,,