,,,,,,,,,,,,,,,,,,,,,Foto (Maps),,,Sumber,,,,,,,,,
No,Nama Usaha,Kategori (Villa/Homestay),Owner/Pengelola,Kepemilikan (opsional),Alamat,Pantai Terdekat,No. WA/Telepon,"Harga (Rp)
Weekday","Harga (Rp)
Weekend",Harga High Season (opsional),Tanggal Verifikasi Harga,Kapasitas Tamu,Fasilitas (Parkir Gratis/WiFi/AC/Kolam/dll),Jam Check-in,Jam Check-out,Media Sosial,Gmaps Tersedia,Link Google Maps,"Website
(opsional)","Link Foto Tumbnile
(buat crosscek fto doang, gausa diisi aman)",Eksterior,Interior,Link Foto (kl ada dimaps gausa),Agoda,Booking.com,Traveloka,Tiket.com,Website lain,Google Maps,Media Sosial,Survei Lapangan,Status Kelengkapan,Catatan
1,Villa Rikna,Villa,Rikna,Belum Dicek,"Jalan DerSono, Gumuharjo, Watukarung, Pringkuku, Pacitan Regency, East Java 63552",Pasir Putih Watukarung,wa.me/62823325583210,"Rp230.000,00","Rp350.000,00",,16/07/2026,,"TV Kabel
Patio atau teras
Peralatan Mandi Gratis
Kolam Renang Pribadi
Setrika/Meja Setrika
Meja Tulis
Shower
Ruang Makan Terpisah
Balkon
Dapur Lengkap
Televisi
Kipas Angin",13:00,12:00,@pacitanwatukarung,Ya,https://www.google.com/maps/place/Villa+Rikna/data=!4m10!3m9!1s0x2e7bdd85c0539217:0xb6e2b86e218feb75!5m2!4m1!1i2!8m2!3d-8.2296019!4d110.9723987!16s%2Fg%2F11fkm_5f8j!19sChIJF5JTwIXdey4RdeuPIW644rY?authuser=0&hl=id&rclk=1,,https://lh3.googleusercontent.com/gps-cs-s/APNQkAGbhtBeaQNeOLQiKT6DM9Rp_au_o4q2S74iG0MS7va2LWg1sqXuRVOprXVhLtw1TijNPniWuZmedxMzz7SEGfWyyCLuDrR2S23s9i7af_ctEgOsSKNVm71MfYDivcnNM3fsTRRU=w408-h306-k-no,TRUE,TRUE,,TIDAK,TIDAK,TIDAK,YA,TIDAK,YA,TIDAK,TIDAK,Belum Lengkap,
2,Jasmine Lestari Homestay,Homestay,,Belum Dicek,"QX7C+JPR, Jalan Dusun, RT.01/RW.07, Ketro, Watukarung, Kec. Pringkuku, Kabupaten Pacitan, Jawa Timur 63552, Indonesia",Pasir Putih Watukarung,wa.me/62813362426570,,,,,,,,,@homestayjasmine,Ya,"https://www.google.com/maps/place/Lestari+Homestay/@-8.235856,110.9717971,17z/data=!3m1!4b1!4m6!3m5!1s0x2e7bddbf01985317:0x428cfcb72099292c!8m2!3d-8.235856!4d110.9717971!16s%2Fg%2F11g6q5446x?authuser=0&hl=id&entry=ttu&g_ep=EgoyMDI2MDcwNS4wIKXMDSoASAFQAw%3D%3D",,https://lh3.googleusercontent.com/gps-cs-s/APNQkAFHQPxt_NbxsseJne6xs5yfi2vcjHtedqAg5YIvwAJTidNCX3nZGpJckIO6JBc160Z4C8TP6NDfJiURr5AeI265Vn_VAiBK9sMac9NGQ7T4X5HT49OjOSUO0aPbwIXO2eNu5Q-h=w408-h306-k-no,TRUE,TRUE,,TIDAK,TIDAK,TIDAK,TIDAK,TIDAK,TIDAK,TIDAK,TIDAK,Belum Lengkap,
3,Hacienda Watukarung,Villa,,Belum Dicek,"QX7C+V73, Ketro, Watukarung, Kec. Pringkuku, Kabupaten Pacitan, Jawa Timur 63552, Indonesia",Pasir Putih Watukarung,wa.me/62813999974560,"Rp1.620.000,00",,,16/07/2028,,"Kolam Renang
Wifi
AC
Parkir Gratis",14:00,13:00,@haciendawatukarung,Ya,https://www.google.com/maps/place/Hacienda+Watukarung/data=!4m10!3m9!1s0x2e7bddb78945ac69:0x6beac27849a90b02!5m2!4m1!1i2!8m2!3d-8.23533!4d110.9706653!16s%2Fg%2F11svmp1skp!19sChIJaaxFibfdey4RAgupSXjC6ms?authuser=0&hl=id&rclk=1,https://haciendawatukarung.com/vila/,https://lh3.googleusercontent.com/gps-cs-s/APNQkAFN-0md2VR33SzpmXObqfHTCorEveKZNLPwQNReMeR4AO0XJQdWfwsYdGE5Dgl4KunhU1z0-18aQVWIEDcIg7lNgG7C8ARM1f8fDTc4TX1eOv-vag1Yco_HKLiYkjS8xrZ1LhHW=w32-h32-p-k-no,TRUE,TRUE,,YA,TIDAK,YA,TIDAK,TIDAK,TIDAK,TIDAK,TIDAK,Belum Lengkap,
4,D' Sastroredjo,Homestay,Sutanto,Belum Dicek,"QX89+484, Area Persawahan, Watukarung, Kec. Pringkuku, Kabupaten Pacitan, Jawa Timur 63552, Indonesia",Pasir Putih Watukarung,wa.me/62823322309260,,,,16/07/2029,,,,,,Ya,https://www.google.com/maps/place/D%27+Sastroredjo/data=!4m7!3m6!1s0x2e7bdd84489c5d7f:0xe237002bd73bbd87!8m2!3d-8.2347263!4d110.9683298!16s%2Fg%2F11g5nfh7mt!19sChIJf12cSITdey4Rh7071ysAN-I?authuser=0&hl=id&rclk=1,,https://lh3.googleusercontent.com/gps-cs-s/APNQkAGykUzD9C8N_bx3gUjS461FZaia9MlCqnTVheCiRYh-o1Sd6yRpiVt5FaFF0J8ForTl4wZDc9OdHAaqyM2ZS7eKksna7b2lTjccbT9YOXL_fyS0b-rAr9Kbp4Wu82CwG05yOx6UsEIJzUxc=w32-h32-p-k-no,FALSE,FALSE,,TIDAK,TIDAK,TIDAK,TIDAK,TIDAK,TIDAK,TIDAK,TIDAK,Belum Lengkap,
5,Harry's Ocean House Watukarung,Homestay,,Belum Dicek,"Unnamed Road Ketro, Ketro, Watukarung, Kec. Pringkuku, Kabupaten Pacitan, Jawa Timur 63552, Indonesia",Pasir Putih Watukarung,wa.me/62813837855250,,,,16/07/2030,,"WiFi
Antar Jemput Bandara 
Perlengkapan BBQ
Fasilitas Ramah Difabel",14:00,12:00,@harryswatukarung,Ya,https://www.google.com/maps/place/Harry%27s+Ocean+House+Watukarung/data=!4m10!3m9!1s0x2e7bddbf99035ab1:0x9ad3090a4087517d!5m2!4m1!1i2!8m2!3d-8.2362453!4d110.972865!16s%2Fg%2F11c54mx3gy!19sChIJsVoDmb_dey4RfVGHQAoJ05o?authuser=0&hl=id&rclk=1,https://www.facebook.com/profile.php?id=100009601817557,https://lh3.googleusercontent.com/gps-cs-s/APNQkAGDnuYKFIlaqxuF8_2HdlKV7T2T7quYXuR0H6iIt7rLFtGebp4UP-lwOBI4XMbmxU_jz3WelgHiEWtYjvrA9Q2wv-CkCUg8K17bnzhZyzCx5tolKVuDrlg58ozwyUzEjRL0y8X9=w427-h240-k-no,TRUE,TRUE,,YA,TIDAK,YA,YA,TIDAK,YA,TIDAK,TIDAK,Belum Lengkap,
6,Omah Sewa Watukarung,Villa,,Belum Dicek,"QX7C+VCW, Ketro, Watukarung, Kec. Pringkuku, Kabupaten Pacitan, Jawa Timur 63552, Indonesia",Pasir Putih Watukarung,wa.me/62821398879100,"Rp810.000,00","Rp855.000,00",,16/07/2031,,"WiFi
Parkir Gratis
AC
Kitchenette
Balkon
Hot Tub
TV
Teras",,,@omah_sewa,Ya,https://www.google.com/maps/place/Omah+Sewa+Watukarung/data=!4m7!3m6!1s0x2e7bdd00653f27b5:0x9424b2d47a6b643c!8m2!3d-8.2352562!4d110.9710731!16s%2Fg%2F11xf4zlld9!19sChIJtSc_ZQDdey4RPGRretSyJJQ?authuser=0&hl=id&rclk=1,,https://lh3.googleusercontent.com/gps-cs-s/APNQkAGmQq_qsPwjkYq4359uq8wxz4HmZHcj-r1XbJDlJ7ofjYkwucRC-rruxqwHknr3iZOYOz-J-nvf92GUNgv5nD0zP6TIsVz0vmiAWX1wLl4GDSGII6SbnrgmfQ2aHtjoAJW0pYFZunYJcoeK=w32-h32-p-k-no,FALSE,FALSE,,TIDAK,TIDAK,TIDAK,TIDAK,TIDAK,TIDAK,TIDAK,TIDAK,Belum Lengkap,
7,Villa Batu Hill Watukarung,Villa,,,"Area Pesawahan, Watukarung, Kec. Pringkuku, Kabupaten Pacitan, Jawa Timur 63552, Indonesia",Pasir Putih Watukarung,wa.me/6281359245011,Rp 2.796.917,Rp 2.796.917,,26/07/2026,,"Breakfast (Asian)
Free private parking
Views (Sea view, Garden view, Mountain view, Terrace)
Pet friendly (Pets welcome, Allowed at no extra charge)
Private kitchen (Kitchenette, Dining table, Refrigerator, Kitchen)
Outdoor swimming pool
Free Wifi 
Massage Service
BBQ Service
Tour Service
Antar-jemput bandara
Car rent
Kulkas
",14:00,12:00,villa.batu.hill,Ya,https://www.google.com/maps/place/Villa+Batu+Hill+Watukarung/data=!4m7!3m6!1s0x2e7bddbea3d5aba3:0x26d92200c6b7df3e!8m2!3d-8.2347479!4d110.9689297!16s%2Fg%2F11c5sr7twd!19sChIJo6vVo77dey4RPt-3xgAi2SY?authuser=0&hl=id&rclk=1,http://www.villabatuhill.com/,https://lh3.googleusercontent.com/gps-cs-s/APNQkAHKig8knJQ8H8RuB-m53wOhwy7ElcoCae0i_hnJjBUCPedJNMthPRgKXP7S2whq0RhdrTvizk9RG5HEd2YblH0svH9dENKUlaHqxkAYvdumHEI1ekwmePFXUnucrgBuZXAVkTBs=w32-h32-p-k-no,TRUE,TRUE,,YA,YA,YA,YA,YA,YA,YA,TIDAK,Lengkap,
8,Watukarung Ristu Homestay,Homestay,,,"Ketro, Watukarung, Kec. Pringkuku, Kabupaten Pacitan, Jawa Timur 63552, Indonesia",Pasir Putih Watukarung,wa.me/6282136084343,Rp 296.993,Rp 316.044,,26/07/2026,,"AC
TV
Swimming Pool
Family room
Non-smoking room
Coffee/tea in lobby
WiFi in public area",15:00,12:00,ristuhomestay,Ya,https://www.google.com/maps/place/Watukarung+Ristu+Homestay/data=!4m10!3m9!1s0x2e7bdd53a5d83d2b:0xc03af27142445958!5m2!4m1!1i2!8m2!3d-8.2351973!4d110.9731524!16s%2Fg%2F11f62dp675!19sChIJKz3YpVPdey4RWFlEQnHyOsA?authuser=0&hl=id&rclk=1,https://linktr.ee/ristuhomestay?utm_source=ig&utm_medium=social&utm_content=link_in_bio&fbclid=PAZXh0bgNhZW0CMTEAc3J0YwZhcHBfaWQPOTM2NjE5NzQzMzkyNDU5AAGnCbNDp2EUftrVKkE60epbmIRWJWkbZzOBeHvCvcKGL1y1BSclcup-41HTFxA_aem_m_8xhGcvgmft__1TA_4a2w,https://lh3.googleusercontent.com/gps-cs-s/APNQkAGqGlVBs4XDp3iOTCbUA9XjO1cRHntX433thJzZq_HcEDwJvNzbjimQ59eVYuqEsLpKe13izwTUiRHDf_UAZio4uaJTrf-zwlXbfI7TupuZeX_wtyKSDr14H-ibf3v9ZrDUuDyr=w427-h240-k-no,TRUE,TRUE,,YA,YA,YA,YA,YA,YA,YA,TIDAK,Lengkap,
9,Jasmine Homestay,Homestay,,,"Alamat: QX7C+JPR, Jalan Dusun, RT.01/RW.07, Ketro, Watukarung, Kec. Pringkuku, Kabupaten Pacitan, Jawa Timur 63552, Indonesia",Pasir Putih Watukarung,wa.me/6281336242657 wa.me/6281234475557,,,,,,"AC
TV
Sarapan
Area Parkir
Dapur Umum
Wifi",,,homestayjasmine,Ya,"https://www.google.com/maps/place/Jasmine+Homestay/@-8.2358757,110.9717698,17z/data=!3m1!4b1!4m6!3m5!1s0x2e7bddc96467c48d:0x7adbdd49e152eb4d!8m2!3d-8.2358757!4d110.9717698!16s%2Fg%2F11r7bszvbk?authuser=0&hl=id&entry=ttu&g_ep=EgoyMDI2MDcwNS4wIKXMDSoASAFQAw%3D%3D",,https://lh3.googleusercontent.com/gps-cs-s/APNQkAGHHFJTTNHRFFJynMsoK7ZehSCDYQCsyMlTKXDpPm-zZ0vO807_D8ZtN1Zc9FjT3UYgHnvfYhBH3h0zI2sAq0sGYwkLLiTe2xvs4qJPv0BWprhlTFylgcyXV3GjXhAPkBfuuJPC7g=w32-h32-p-k-no,TRUE,TRUE,,TIDAK,TIDAK,TIDAK,TIDAK,TIDAK,YA,YA,TIDAK,Belum Lengkap,
10,Rikna Beach House,Homestay,,,"Alamat: Ketro, Watukarung, Kec. Pringkuku, Kabupaten Pacitan, Jawa Timur 63552, Indonesia",Pasir Putih Watukarung,+62823325583210,Rp 182.920,Rp 183.124,,26/07/2026,,"Wifi gratis 
Kolam renang
Parkir gratis 
Spa
Pijat
Shuttle bandara
Ruang keluarga
Dapur bersama
Balkon/teras
Taman
Sarapan
",13:00,12:00,pacitanwatukarung,Ya,"https://www.google.com/maps/place/Rikna+Beach+House/@-8.2366692,110.9735629,17z/data=!3m1!4b1!4m9!3m8!1s0x2e7bdd466650d353:0xf61b1be2e050a905!5m2!4m1!1i2!8m2!3d-8.2366692!4d110.9735629!16s%2Fg%2F11frp1_y0w?authuser=0&hl=id&entry=ttu&g_ep=EgoyMDI2MDcwNS4wIKXMDSoASAFQAw%3D%3D",,https://lh3.googleusercontent.com/gps-cs-s/APNQkAEC9DlhuTChSFlrIHCz8BGzn8xX4-0BVxkmkw4DidbEPn4FjZRwOL7kXdl3-K3aiSafwuS_jtXriq4uhQs14AIfrxMx3_oIzr8eHrrFc1hVcvsB2CFAnsdYXvRFBItyk0iPmjjgOA=w533-h240-k-no,TRUE,TRUE,,YA,YA,TIDAK,YA,YA,YA,YA,TIDAK,Belum Lengkap,
11,watukarung villa sagara,Homestay,,,"Alamat: RT.01/07/RW.gumulharjo, Ketro, Watukarung, Kec. Pringkuku, Kabupaten Pacitan, Jawa Timur 63552, Indonesia",Pasir Putih Watukarung,+62821437990750,,,,,,,,,,,"https://www.google.com/maps/place/watukarung+villa+sagara/@-8.2355721,110.9717393,17z/data=!3m1!4b1!4m6!3m5!1s0x2e7bdd005d5f0f03:0xc666d6b8b63bd858!8m2!3d-8.2355721!4d110.9717393!16s%2Fg%2F11z7p9trll?authuser=0&hl=id&entry=ttu&g_ep=EgoyMDI2MDcwNS4wIKXMDSoASAFQAw%3D%3D",,https://lh3.googleusercontent.com/gps-cs-s/APNQkAEuaAsQA4GnRyQMJDycDlrquMT7eXNoDGjjE2nOwfnHucIyl4pemTSpYdi1cXbjn3WcgaQUOEEVRInEzAlmHcMsHB_WecpvkDuWsnZeu9JTbF4J_PHi96EQW5TU4oXvoHVtAK-Rm9VqgoNO=w408-h544-k-no,FALSE,FALSE,,TIDAK,TIDAK,TIDAK,TIDAK,TIDAK,TIDAK,TIDAK,TIDAK,Belum Lengkap,
12,Watukarung Sackstone guesthouse surf,Homestay,,,"Alamat: RT 01 RW 06 dusun ketro desa, Ketro, Watukarung, Kec. Pringkuku, Kabupaten Pacitan, Jawa Timur 63552, Indonesia",Pasir Putih Watukarung,+62821431444410,,,,,,,,,,,"https://www.google.com/maps/place/Watukarung+Sackstone+guesthouse+surf/@-8.2360744,110.974297,17z/data=!3m1!4b1!4m9!3m8!1s0x2e7bddbf80f7c9fb:0x7522a59d20af58f9!5m2!4m1!1i2!8m2!3d-8.2360744!4d110.974297!16s%2Fg%2F11cncp9v01?authuser=0&hl=id&entry=ttu&g_ep=EgoyMDI2MDcwNS4wIKXMDSoASAFQAw%3D%3D",,https://lh3.googleusercontent.com/gps-cs-s/APNQkAHcTXT9CrS4IZPbmnBaiK9kXcwp0vn_JkUuEAZ59aaATiHry_2tBxyGZ7ICe9Trr-9tqf9eyTTIJ6TlnWQeUOgrJuBsTsaX0LF2WhAOBWfEc2ZhVMqAhROQV23qOjzeqQBxYqSD=w408-h544-k-no,FALSE,FALSE,,TIDAK,TIDAK,TIDAK,TIDAK,TIDAK,TIDAK,TIDAK,TIDAK,Belum Lengkap,
13,Watukarung Kaderi's Home,Homestay,,,"Alamat: Ketro, Watukarung, Kec. Pringkuku, Kabupaten Pacitan, Jawa Timur 63552, Indonesia",Pasir Putih Watukarung,+62853303872920,"Rp400.000,00","Rp400.000,00",,,,"ACKamar mandi pribadiTV Layar datarPeredam suaraTeras
Peralatan mandi gratis Shower Toilet Handuk Linen Lantai keramik/marmer TV kabel Lemari pakaian Rak baju Tisu toilet Penyanitasi tangan",14:00,12:00,,Ya,"https://www.google.com/maps/place/Watukarung+Kaderi's+Home/@-8.2362224,110.9734018,17z/data=!3m1!4b1!4m9!3m8!1s0x2e7bdd695af53ae1:0x950c2d700da3697a!5m2!4m1!1i2!8m2!3d-8.2362224!4d110.9734018!16s%2Fg%2F11km0glw35?authuser=0&hl=id&entry=ttu&g_ep=EgoyMDI2MDcwNS4wIKXMDSoASAFQAw%3D%3D",,https://lh3.googleusercontent.com/gps-cs-s/APNQkAHGv6U45Hy_dXeSKxCV_Amje0aoJxF1wQ3JUGwwq7rzrrADKCB1AI3u4VBr7e-07bDWH1BFWLOv4A35ZyM0uxsaeyETCldqY7xR2R7vvfYK9rfSN7Qxegw7q3FOjknV9JXshvLz=w408-h481-k-no,TRUE,TRUE,,YA,YA,YA,TIDAK,TIDAK,YA,YA,TIDAK,Belum Lengkap,
14,Villa Suaka by Sackstone,Villa,,,"Alamat: RT.02/RW.06, Ketro, Watukarung, Kec. Pringkuku, Kabupaten Pacitan, Jawa Timur 63552",Pasir Putih Watukarung,+62821431444410,"Rp1.169.100,00","Rp1.169.100,00",,,,"Dapur kecil pribadi, Kolam renang pribadi, Balkon Pemandangan taman, AC, Bathtub spa, TV Layar datar,Teras, Sauna, Minibar, Wi-Fi gratis",,,,Ya,"https://www.google.com/maps/place/Villa+Suaka+by+Sackstone/@-8.2354375,110.9746875,17z/data=!3m1!4b1!4m6!3m5!1s0x2e7bdd0044baee77:0xb9ee862b2e23d422!8m2!3d-8.2354375!4d110.9746875!16s%2Fg%2F11wfq88_bw?authuser=0&hl=id&entry=ttu&g_ep=EgoyMDI2MDcwNS4wIKXMDSoASAFQAw%3D%3D",,https://lh3.googleusercontent.com/gps-cs-s/APNQkAGe0psRtuOrQPZeaDgZzKwQaW3E82SWW8aSyDMEGFAbg4j3pkUsTIyah-Voka8pbWmlxoAtUegtsAWz-H7gYP4y2w0LbzyP-tr3jQQEnA6-uClcPcvHc89X0k_8tXIhsZgXL4CVBB6J8YEA=w408-h544-k-no,TRUE,TRUE, ,TIDAK,YA,TIDAK,TIDAK,TIDAK,YA,TIDAK,TIDAK,Belum Lengkap,
15,"Watukarung Prapto Homestay, Surf Accommodation",Homestay,,,"Alamat: Ketro, Watukarung, Kec. Pringkuku, Kabupaten Pacitan, Jawa Timur 63552",Pasir Putih Watukarung,+62853267570120,"Rp300.000,00","Rp300.000,00",,,,,13:30,12:00,,Ya,"https://www.google.com/maps/place/Watukarung+Prapto+Homestay,+Surf+Accommodation/data=!4m10!3m9!1s0x2e7bddbf876cc0a5:0x22073951cb7be820!5m2!4m1!1i2!8m2!3d-8.236316!4d110.9744329!16s%2Fg%2F11cm9zxd7y!19sChIJpcBsh7_dey4RIOh7y1E5ByI?authuser=0&hl=id&rclk=1",https://m.facebook.com/Watukarung-Prapto-Homestay-Surf-Accommodation-649548091829494/,https://lh3.googleusercontent.com/gps-cs-s/APNQkAFR400LgcSR3FEzeRbdougeff24c1l7fcVoncckYfikKL7u5CJJPHrRjceXLREFVuDqo_656aFJ0CrE_F-udnVLM9Ooy6qxX8NxP126Y2OHzvf_mhGuS4Yx2hp5fjTcKtJ2Px25=w408-h408-k-no,TRUE,TRUE,,YA,YA,YA,YA,TIDAK,YA,TIDAK,TIDAK,Belum Lengkap,
16,The Chillhihill sea view,Homestay,,,"Alamat: Jalan Kerapu Milak, Ketro, Watukarung, Kec. Pringkuku, Kabupaten Pacitan, Jawa Timur 63552, Indonesia",Pasir Putih Watukarung,+62812510619580,"Rp515.568,00","Rp515.568,00",,,,,,,,Ya,"https://www.google.com/maps/place/The+Chillhihill+sea+view/@-8.2358115,110.9705935,17z/data=!3m1!4b1!4m9!3m8!1s0x2e7bddbef13bbbd3:0xd8065c81d5b76628!5m2!4m1!1i2!8m2!3d-8.2358115!4d110.9705935!16s%2Fg%2F11cmszp7gh?authuser=0&hl=id&entry=ttu&g_ep=EgoyMDI2MDcwNS4wIKXMDSoASAFQAw%3D%3D",http://homestaythechillhill.blogspot.co.id/,https://lh3.googleusercontent.com/gps-cs-s/APNQkAFQ8RYpLYxRht56iLG79qyrpGHJrIuvgzGFptT55DRB8xySVsnRvD4cIDMDzQIC51Fb96BNpaCkB06qCyOTog-p8V80j4FGbr8M8XcTNSJ9xYDYuSC7IkxEyo3XJngaz6ACQft4XtgKCRLc=w408-h306-k-no,TRUE,TRUE,,YA,YA,YA,YA,TIDAK,YA,TIDAK,TIDAK,Belum Lengkap,
17,MARYLAND COTTAGE WATUKARUNG,Homestay,,,"Alamat: Ketro, Watukarung, Kec. Pringkuku, Kabupaten Pacitan, Jawa Timur 63552, Indonesia",Pasir Putih Watukarung,+62896677660590,"Rp1.755.000,00","Rp2.155.000,00",,,,"Dapur, AC, TV, Teras, Toilet dalam, Wifi",14:00,12:00,,Ya,https://www.google.com/maps/place/MARYLAND+COTTAGE+WATUKARUNG/data=!4m10!3m9!1s0x2e7bdd4a40724941:0x2a55363508d0ad00!5m2!4m1!1i2!8m2!3d-8.235941!4d110.9744426!16s%2Fg%2F11yv43q6pv!19sChIJQUlyQErdey4RAK3QCDU2VSo?authuser=0&hl=id&rclk=1,,https://lh3.googleusercontent.com/gps-cs-s/APNQkAHuwcqGp7aRB3IrhUThrjT5cjtOpDqlvlXfR3w03wScdZtnipHx-1_tU4vjIQVcPGCD3i8y82DUPpxlzA2CDqaP3xBPwRqUz1ENyNnTzsMEbmnHq19_qcfON1p3KAEQ0IYSa53A345kzVIh=w408-h306-k-no,TRUE,TRUE,,YA,YA,YA,YA,TIDAK,YA,TIDAK,TIDAK,Belum Lengkap,
18,Bintang Homestay Watukarung,Homestay,,,"Alamat: Jalan Dusun, RT.02/RW.07, Ketro, Watukarung, Kec. Pringkuku, Kabupaten Pacitan, Jawa Timur 63552, Indonesia",Pasir Putih Watukarung,+62812353594640,"Rp258.724,00","Rp258.724,00",,,,"Shower, Wifi, Tv, Parkir",13:00,11:00,,Ya,https://www.google.com/maps/place/Bintang+Homestay+Watukarung/data=!4m10!3m9!1s0x2e7bddbf867b05f7:0x9df2ed136347df0b!5m2!4m1!1i2!8m2!3d-8.2364559!4d110.9741545!16s%2Fg%2F11fxf56vhr!19sChIJ9wV7hr_dey4RC99HYxPt8p0?authuser=0&hl=id&rclk=1,https://www.agoda.com/id-id/bintang-homestay-watukarung/hotel/watukarung-id.html,https://lh3.googleusercontent.com/gps-proxy/ALd4DhEmrCEhroMNYkKR8Yug3uMNiknqJwb0FeATozuIaLh9ppxK9KJK9epF4APLYnDQy2uukZktAtRwQQFsSyaR15Sq8hpskEa3m867A8OHqu3pih4GDlj1swq2RcmPuiSpmzrt_UYybiPQJFWl7kwrJwCcMWk41WPzKFbwYWo6xxZTfUueKm32K0F1=w408-h306-k-no,TRUE,TRUE,,YA,YA,YA,YA,TIDAK,YA,TIDAK,TIDAK,Belum Lengkap,
19,IstanaOmbak Eco Resort,Villa,,,"Alamat: Jl. Kerapu No.151, Ketro, Watukarung, Kec. Pringkuku, Kabupaten Pacitan, Jawa Timur 63552, Indonesia",Pasir Putih Watukarung,+62823247745450,"Rp3.582.567,00","Rp2.940.519,00",,16/07/2026,,"Wifi, AC, parkir gratis, kolam renang, restoran, free breakfast",14.00-23.00,07.00-11.00,https://www.instagram.com/istanaombak_eco_resort,Ya,https://www.google.com/maps/place/IstanaOmbak+Eco+Resort/data=!4m10!3m9!1s0x2e7bddbf93481b69:0xdc362e78602a8837!5m2!4m1!1i2!8m2!3d-8.2371179!4d110.9735449!16s%2Fg%2F11b6sr2lc4!19sChIJaRtIk7_dey4RN4gqYHguNtw?authuser=0&hl=id&rclk=1,https://trv.lk/ed49ea05,https://lh3.googleusercontent.com/gps-cs-s/APNQkAHfVqDoCQzipRollt8T7fVbqY41TEVU147rwkXKDy51IqMt3Islq0L6Ixa4U6EDKT1hMYHY5CN3GJ6NmE82oICppy3-a6Ymgp145DdizIcFJHFP-FKZjhLuMqJAEOAFxKEPagw=w397-h298-k-no,TRUE,TRUE,,YA,YA,YA,YA,YA,YA,YA,TIDAK,Lengkap,
20,Summerforest Watukarung,Villa,,,"Alamat: Dusun Gumulharjo, Watukarung, Kec. Pringkuku, Kabupaten Pacitan, Jawa Timur 63552, Indonesia",Pasir Putih Watukarung,+62852800100870,"Rp1.170.000,00","Rp1.169.000,00",,16/07/2026,,"Air conditioning
Balcony/terrace
Bathrobes
Bathtub
Closet
Clothes rack
Electric kettle
Hair dryer
Linens
Private bathroom
Refrigerator
Shower
Slippers
Streaming service like Netflix
Toiletries
Towels
Trash cans
TV [flat screen]",14.00-22.00,07.00-12.00,https://share.google/RzQryVglJxWLCoW3z,Ya,https://www.google.com/maps/place/Summerforest+Watukarung/data=!4m10!3m9!1s0x2e7bdd9017c40931:0x372a086487942d91!5m2!4m1!1i2!8m2!3d-8.2342099!4d110.9737022!16s%2Fg%2F11y5dszdxq!19sChIJMQnEF5Ddey4RkS2Uh2QIKjc?authuser=0&hl=id&rclk=1,https://share.google/bJjAWzEQpiNLW5OBY,https://lh3.googleusercontent.com/gps-cs-s/APNQkAHZhqABZK3LfWRN1-MhtMw9Wt4WLDaT0mg5irtSMShrqjSdduvjU6P34CPS44b9u_BoGW4OIZ6a-3Y65jLSpQN9GDcc63meLyUgWRrdsIgpF_egVTQDlxAf6UpFKbXDrDZKCowdX1gVYSsO=w408-h544-k-no,TRUE,TRUE,,YA,YA,YA,YA,YA,YA,YA,TIDAK,Belum Lengkap,
21,Oma Watu Inn Watukarung Pacitan,Homestay,,,"Alamat: Unnamed Road, Ketro, Watukarung, Pringkuku, Pacitan Regency, East Java 63552, Indonesia",Pasir Putih Watukarung,+62812664251360,"Rp495.971,00","Rp506.480,00",,16/07/2026,,"Private bathroom
Shower
Toiletries
Towels
Free bottled water
Free Wifi
Free parking
Airport transfer
Air Conditioning",14.00-00.00,11.00-12.00,https://share.google/gEFaAQJYO8UiwxiNd,Ya,https://www.google.com/maps/place/Oma+Watu+Inn+Watukarung+Pacitan/data=!4m10!3m9!1s0x2e7bdd810ca61463:0x2450417caad23474!5m2!4m1!1i2!8m2!3d-8.2352169!4d110.9735034!16s%2Fg%2F11nmhtbhd8!19sChIJYxSmDIHdey4RdDTSqnxBUCQ?authuser=0&hl=id&rclk=1,https://instagram.com/destinasiwatukarungpacitan?igshid=OGQ5ZDc2ODk2ZA==,https://lh3.googleusercontent.com/gps-cs-s/APNQkAGJSsn70LIe4S-hqUimStt7_lf32tDewhvvhBULcnWkQHsja-naIb0Ic9FCRdMmVuFJGc21nSAxo3uXgq3QGjKn41UpVLZeYPhYgcLd6JJQtoQYLc79bZvxDKzIGzt0Rl7qS7EVAA=w32-h32-p-k-no,TRUE,TRUE,,YA,YA,TIDAK,TIDAK,TIDAK,YA,YA,TIDAK,Belum Lengkap,
22,Desa Limasan Resort,Villa,,,"Alamat: Ketro, RT.01/RW.06, Ketro, Watukarung, Kec. Pringkuku, Kabupaten Pacitan, Jawa Timur 63552, Indonesia",Pasir Putih Watukarung,+62813323164590,"Rp1.055.000,00","Rp1.300.000,00","Rp2.200.000,00",16/07/2026,,"Kolam Renang 
WiFi 
AC 
Antar Jemput Bandara 
Resepsionis 24 Jam 
Restoran 
Fasilitas Anak 
Pemandangan Laut 
Ruang Tamu 
Parkir Gratis 
Pembuat Kopi & Teh 
Kulkas",14.00-23.00,12.00',https://share.google/ikuHw2RBejtRvMN7T,Ya,https://www.google.com/maps/place/Desa+Limasan+Resort/data=!4m10!3m9!1s0x2e7bded000000001:0x1022b67bc980c5de!5m2!4m1!1i2!8m2!3d-8.2368092!4d110.9753043!16s%2Fg%2F11b6dpb0tm!19sChIJAQAAANDeey4R3sWAyXu2IhA?authuser=0&hl=id&rclk=1,https://share.google/nPaKaRMy1EwOPZoEE,https://lh3.googleusercontent.com/gps-cs-s/APNQkAEhYbUrFq_XQubH5v5HT0mFI3836fPKF7ok2Iw0dRDJdCMaFhbHAqhv9PP6P-7q8qHOaFhigE2mQrmLHIiRXt7UByfWE2oQ_0mfZh2K68QdCTVyU7l_lpCjMdRJr3cIsVxFy2jd=w408-h271-k-no,TRUE,TRUE,,TIDAK,YA,YA,YA,YA,YA,YA,TIDAK,Belum Lengkap,
23,watukarung villa arrys,Homestay,,,"Alamat: QXGJ+W5G, gumul harjo, Watukarung, Kec. Pringkuku, Kabupaten Pacitan, Jawa Timur 63552, Indonesia",Pasir Putih Watukarung,,,,,,,,,,,,"https://www.google.com/maps/place/watukarung+villa+arrys/@-8.2226811,110.9804684,17z/data=!3m1!4b1!4m6!3m5!1s0x2e7bdd0030ce9c81:0xd6c887c62d3e83ec!8m2!3d-8.2226811!4d110.9804684!16s%2Fg%2F11x0n8ylvk?authuser=0&hl=id&entry=ttu&g_ep=EgoyMDI2MDcwNS4wIKXMDSoASAFQAw%3D%3D",,https://lh3.googleusercontent.com/gps-cs-s/APNQkAGe0psRtuOrQPZeaDgZzKwQaW3E82SWW8aSyDMEGFAbg4j3pkUsTIyah-Voka8pbWmlxoAtUegtsAWz-H7gYP4y2w0LbzyP-tr3jQQEnA6-uClcPcvHc89X0k_8tXIhsZgXL4CVBB6J8YEA=w156-h114-p-k-no,FALSE,FALSE,,TIDAK,TIDAK,TIDAK,TIDAK,TIDAK,TIDAK,TIDAK,TIDAK,Belum Lengkap,
24,Watukarung Ricky Homestay,Homestay,,,"Alamat: Jalan Dusun, RT.02/RW.06, Ketro, Watukarung, Kec. Pringkuku, Kabupaten Pacitan, Jawa Timur 63552, Indonesia",Pasir Putih Watukarung,6285257002902,,,,,,,,,,,"https://www.google.com/maps/place/Watukarung+Ricky+Homestay/@-8.2365825,110.9740323,17z/data=!3m1!4b1!4m9!3m8!1s0x2e7bddbf8f603727:0xc467b131c5298c3e!5m2!4m1!1i2!8m2!3d-8.2365825!4d110.9740323!16s%2Fg%2F11c3yw1c_8?authuser=0&hl=id&entry=ttu&g_ep=EgoyMDI2MDcwNS4wIKXMDSoASAFQAw%3D%3D",,https://lh3.googleusercontent.com/gps-cs-s/APNQkAFYiGx6VIdH8VQVdZv9uCZg36IlSL9U7KVqb7FvmS5tLKQ8fkxB0zO2oJqllx32x0iFHVc4I3qMtJ_5ebcusQkPxJL01hB702sx-HEGgu15m4_2KUS23SVsV0m_eBeL3epqnno=w408-h306-k-no,FALSE,FALSE,,TIDAK,TIDAK,TIDAK,TIDAK,TIDAK,TIDAK,TIDAK,TIDAK,Belum Lengkap,
25,BATU PUTIH HOMESTAY,Homestay,,,"Alamat: Ketro, Watukarung, Kec. Pringkuku, Kabupaten Pacitan, Jawa Timur 63552, Indonesia",Pasir Putih Watukarung,6282335488728,  ,,,,,,,,,,https://www.google.com/maps/place/BATU+PUTIH+HOMESTAY/data=!4m7!3m6!1s0x2e7bddda84d6c5b7:0x27b5a62ea07e7a4c!8m2!3d-8.2361605!4d110.9726119!16s%2Fg%2F11h2fmz0pv!19sChIJt8XWhNrdey4RTHp-oC6mtSc?authuser=0&hl=id&rclk=1,,https://lh3.googleusercontent.com/gps-cs-s/APNQkAFC-PlUg1ciOuWUkC5E1QMHqGKF9UNta1HO0rZ_-lWyUVIMM8sXbTENTZj5MlNY2DWanKl8LPzS1wFiqeLyp3aw7rhFdBOsUHvjWDNRRGbldJi0ioG_BSAz97Gs4ZZ9Zwa1J4nA=w426-h240-k-no,FALSE,FALSE,,TIDAK,TIDAK,TIDAK,TIDAK,TIDAK,TIDAK,TIDAK,TIDAK,Belum Lengkap,
26,Chez Laelik2,Homestay,,,"Alamat: Ketro, Watukarung, Kec. Pringkuku, Kabupaten Pacitan, Jawa Timur, Indonesia",Pasir Putih Watukarung,6283861589800,"Rp306.000,00","Rp306.000,00",,26/07/2026,,"Parking. Air conditioning, Private bathroom, Free Wifi, View, Pet friendly, Family rooms, Flat-screen TV, Free parking, Shower",12:00,12:00,,Ya,https://www.google.com/maps/place/Chez+Laelik2+-+Family+Room/data=!4m11!3m10!1s0x2e7bddbee4dbda11:0x6996da1533f1ff7b!5m2!4m1!1i2!8m2!3d-8.2354002!4d110.970993!16s%2Fg%2F11z4sktd9y!17BQ0FF!19sChIJEdrb5L7dey4Re__xMxXalmk?authuser=0&hl=id&rclk=1,,https://lh3.googleusercontent.com/gps-proxy/ALd4DhEcvAUkF7AVx7LxSrANn5By_Rzjk3ef0_YX5YF8BjnybfbkhSkQr4-bOKR15rRmnLZ4VLCmXPADgWjIu8pDhgoo2yC7jdxjUImFU8Ni1DQCs2jjaSwGHgNOWl-Z_O_4NoVh2kX6lOoDtQGlAQ_RTKnUruh-glxek9dxVQ25Cn7XlFLHc-7gy-g=w408-h305-k-no,FALSE,FALSE,,TIDAK,YA,TIDAK,TIDAK,TIDAK,TIDAK,TIDAK,TIDAK,Belum Lengkap,
27,Arrys Watukarung Surfcamp,Homestay,,,"Alamat: Ketro, Watukarung, Kec. Pringkuku, Kabupaten Pacitan, Jawa Timur, Indonesia",Pasir Putih Watukarung,"wa.me/628216737717 
wa.me/6282233395583 ","Rp400.000,00",,,15/07/2026,,"2 kolam renang, 
Kamar bebas rokok, 
Antar-jemput bandara, 
Tepi pantai, 
WiFi gratis bagus (20 Mbps), 
Layanan kamar, 
Parkir gratis, 
Bar, 
Area pantai pribadi, 
Sarapan,
Parkir pribadi gratis, ",14:00,12:00,"https://www.instagram.com/arryssurfcamp/#
https://www.tiktok.com/@arrys.surf.camp",Ya,"https://www.google.com/maps/place/Arrys+Watukarung+Surfcamp+-+Large+Twin+Room/@-8.2372799,110.9742508,17z/data=!3m1!4b1!4m10!3m9!1s0x2e7bddbff4c162cb:0xb84c8cbe02a71096!5m2!4m1!1i2!8m2!3d-8.2372799!4d110.9742508!16s%2Fg%2F11z5cgghvw!17BQ0FF?authuser=0&hl=id&entry=ttu&g_ep=EgoyMDI2MDcwNS4wIKXMDSoASAFQAw%3D%3D",https://br.bluepillow.com/search/5a85003d7c00cb0e042be52f?dest=bkng&cat=House&lat=-8.23728&lng=110.97425&language=pt,https://lh3.googleusercontent.com/gps-proxy/ALd4DhGNN97TdiCLlVDGlI6FlLkJAO-hrnr0U8Z58qfdgjlwGDciVVy857zZogzgTDKkk-pNDVR5CIXSi65AhBnfQklPnMjgCRzLu3oKG_GbY2Bj4NekluN1mUCXTHSMU1pc1PjRogdXbL9tyEAfXIuFBd_Y479p2lUrZqXIGOCQrEI1WcQru6g_PdpM=w408-h272-k-no,FALSE,FALSE,,TIDAK,YA,YA,TIDAK,TIDAK,YA,TIDAK,TIDAK,Lengkap,
28,MIN Guest House Watukarung,Homestay,,,"Alamat: Ketro, Watukarung, Kec. Pringkuku, Kabupaten Pacitan, Jawa Timur, Indonesia",Pasir Putih Watukarung,wa.me/6282216404657,"Rp500.000,00",,,15/07/2026,,"AC, Parkir, WIFI, Sarapan",13:00,12:00,"https://www.instagram.com/min.guesthouse/?hl=en  
https://www.youtube.com/@pacekece2636 ",Ya,"https://www.google.com/maps/place/MIN+Guest+House+Watukarung+-+Double+Room/@-8.2356901,110.9722977,17z/data=!3m1!4b1!4m10!3m9!1s0x2e7bddbf0f538d3b:0x43f78b76a833e834!5m2!4m1!1i2!8m2!3d-8.2356901!4d110.9722977!16s%2Fg%2F11z5c5rstr!17BQ0FF?authuser=0&hl=id&entry=ttu&g_ep=EgoyMDI2MDcwNS4wIKXMDSoASAFQAw%3D%3D",https://br.bluepillow.com/search/6398e37fc551970d3c73e629?dest=bkng&cat=House&lat=-8.23569&lng=110.9723&language=pt,https://lh3.googleusercontent.com/gps-proxy/ALd4DhHKo2IE6YBQRmw4jfjL0K7CZJyQDrM0kYuLSfvPulivy9ZzkjO1fVPgRC9EaO0T2CpDdiHEYMFpGXYnhS1cOrIV1WjmRQDZkUr5nylWz3Kk3bHxbY_dsxQO74pCnse2tQje5htG1b-e9eFFfR-yeEbdGpVehols2g8wom7hkosJwcERCj369jsB=w427-h240-k-no,FALSE,FALSE,,YA,TIDAK,YA,YA,TIDAK,TIDAK,TIDAK,TIDAK,Lengkap,
29,Harry's Ocean House Watukarung Homestay,Homestay,,,"Alamat: Ketro, Watukarung, Kec. Pringkuku, Kabupaten Pacitan, Jawa Timur, Indonesia",Pasir Putih Watukarung,wa.me/6281383785525 ,"Rp200.000,00",,,15/07/2026,,"Antar-jemput bandara,
Kamar bebas rokok,
WiFi gratis,
Parkir gratis,
Kamar keluarga,
Sarapan",14:00,12:00,https://www.instagram.com/harryswatukarung/,Ya,https://www.google.com/maps/place/Harry%27s+Ocean+House+Watukarung+Homestay+-+Standard+Twin+Room/data=!4m11!3m10!1s0x2e7bddbfa3d41c85:0xe5f13eb2fd24770f!5m2!4m1!1i2!8m2!3d-8.2363396!4d110.9728089!16s%2Fg%2F11n9cb5l72!17BQ0FF!19sChIJhRzUo7_dey4RD3ck_bI-8eU?authuser=0&hl=id&rclk=1,https://br.bluepillow.com/search/639886c5c551970d3c71e7b6/237170402?dest=bkng&cat=House&lat=-8.23634&lng=110.97281&language=pt,https://lh3.googleusercontent.com/gps-proxy/ALd4DhG2PX5Ocb2b4S8FPDf7vxlkM5Nq4WN1ldSyLf8lTNq6ShXwg1v9-27Ha3_4w8V33OET8dFr4aMIAsgBXsnAP-PVozfAkcX5ZOMXByEeq7FYpwPAeDAM9wFDTbHTbzPEPAqm4QOpTpLS_0qfd177TzQ1lnMcNMDayjSYbE-5jjdLPIMS3dfchzt42Q=w408-h272-k-no,FALSE,FALSE,,YA,YA,YA,YA,TIDAK,TIDAK,TIDAK,TIDAK,Lengkap,
30,watukarung arrys surfcamp,Homestay,,,"Alamat: Jalan Dusun Ketro, RT.1/RW.6, Ketro, Watukarung, Kec. Pringkuku, Kabupaten Pacitan, Jawa Timur 63552, Indonesia",Pasir Putih Watukarung,+62821437990750,,,,,,,,,,,https://www.google.com/maps/place/watukarung+arrys+surfcamp/data=!4m10!3m9!1s0x2e7bddc077b7ed69:0x2cc92fdd07509ef8!5m2!4m1!1i2!8m2!3d-8.2367717!4d110.9746106!16s%2Fg%2F11cs46gzlk!19sChIJae23d8Ddey4R-J5QB90vySw?authuser=0&hl=id&rclk=1,,https://lh3.googleusercontent.com/gps-cs-s/APNQkAGeLzVFcStOia4LBtNvL0VkTopbwUXedQOTsmrgZJaDlojQCn9fzV2ehrfVRYKmoSbD-6v4eihC_XRe0Pje8T2KFxCRiDVNu9PF51qIQXaKHw4vYIf9Ke_F1Mym8dI5X4bVCWz8=w408-h544-k-no,FALSE,FALSE,,TIDAK,TIDAK,TIDAK,TIDAK,TIDAK,TIDAK,TIDAK,TIDAK,Belum Lengkap,
31,Terra Clementia,Homestay,,,"Alamat: RT.02/RW.07, Dusun Gumul Harjo, Watukarung, Kec. Pringkuku, Kabupaten Pacitan, Jawa Timur 63552, Indonesia",Pasir Putih Watukarung,+62822723111740,,,,,,,,,,,https://www.google.com/maps/place/Terra+Clementia/data=!4m10!3m9!1s0x2e7bdda04cac634f:0xf23e97977789b1f!5m2!4m1!1i2!8m2!3d-8.2339698!4d110.9702594!16s%2Fg%2F11wwrtx091!19sChIJT2OsTKDdey4RH5t4d3npIw8?authuser=0&hl=id&rclk=1,https://www.terraclementia.com/,https://lh3.googleusercontent.com/gps-cs-s/APNQkAEydjpGjuFxsb71PVySDbCSx1QnTjP_kLjqL9j7z2ogwYr721jPE-lgHrbkp_mk3zwdQMsxYjFyXiFHlJow7X3OrfCFLgKFXM81EZvVHmfyA0_fCgavNNaMjR9VGg_25RIkkq06LV3ZF0g=w408-h272-k-no,FALSE,FALSE,,TIDAK,TIDAK,TIDAK,TIDAK,TIDAK,TIDAK,TIDAK,TIDAK,Belum Lengkap,
32,Summerfield Homestay and Cafe,Homestay,,,"Alamat: Gumulharjo, Watukarung, Pringkuku, Pacitan Regency, East Java 63552, Indonesia",Pasir Putih Watukarung,+62852116622790,"Rp550.000,00","Rp550.000,00",,17/07/2026,,"AC, breakfast dinner lunch restaurant, parkir, wifi, 24jam front desk, coffee shop. In room: cable TV, desk, hairdryer, shower, bathrobe ",14:00,12:00,https://www.instagram.com/summerfieldbeach,Ya,"https://www.google.com/maps/place/Summerfield+Homestay+and+Cafe/@-8.2349054,110.9726045,17z/data=!3m1!4b1!4m9!3m8!1s0x2e7bddb4c559615b:0x92a65fbacd988772!5m2!4m1!1i2!8m2!3d-8.2349054!4d110.9726045!16s%2Fg%2F11n7qbm1_l?authuser=0&hl=id&entry=ttu&g_ep=EgoyMDI2MDcwNS4wIKXMDSoASAFQAw%3D%3D ",https://www.summerfieldwatukarung.com/ ,https://lh3.googleusercontent.com/gps-cs-s/APNQkAHyzimhU6Ul9HJA_c5ZNyaYCXrZxwDpsk9LAXZx5Q9TmgvadmpEk_NdQ1dZnTMeq3ahKEyYqw_qiQbFuF7tkZrRMFedHG3Q7EOrgofepu54FNSr4fFoS1nOqfUBc5cAwiTOmcoq=w408-h408-k-no ,TRUE,TRUE,https://trv.lk/5653e491,TIDAK,YA,YA,YA,TIDAK,YA,YA,TIDAK,Lengkap,
33,OYO 92083 Lailik Gilang Guesthouse,Homestay,,,"Alamat: Ketro, Watukarung, Kec. Pacitan, Kabupaten Pacitan, Jawa Timur 63552",Pasir Putih Watukarung,+6221297076010,"Rp204.000,00","Rp204.000,00",,17/07/2026,,"Wifi gratis,Parkir gratis, Kamar bebas rokok,TV,outdoor,CCTV, multibahasa",14:00,12:00,-,Ya,"https://www.google.com/maps/place/OYO+92083+Lailik+Gilang+Guesthouse/@-8.2358155,110.9727084,17z/data=!3m1!4b1!4m9!3m8!1s0x2e7bdd00b07594ab:0xbdcf7176738aa30!5m2!4m1!1i2!8m2!3d-8.2358155!4d110.9727084!16s%2Fg%2F11tp2f2k8r?authuser=0&hl=id&entry=ttu&g_ep=EgoyMDI2MDcwNi4wIKXMDSoASAFQAw%3D%3D",https://www.oyorooms.com/ID/200337/,https://lh3.googleusercontent.com/gps-proxy/ALd4DhFx2jDZp81QKEkJLyvjFpqr4yymiHM29L9OXfuZjXQ0WVngGd325f3Y8xjz0PeEJuHFP3Jbwc44ZFHjhays36dkkRLiCz2_gjnT6COvap6bJ_c975aWkx_yZsp6wLxZmaAMRqxNE1cH3Eg2eL3rZ-Vj4Gs3HImsfOdPyd3sCgJe0v1zjm_dhvV7=w408-h272-k-no,TRUE,TRUE,,TIDAK,YA,TIDAK,TIDAK,YA,TIDAK,TIDAK,TIDAK,Lengkap,
34,Suxip's Homestay Watukarung,Homestay,,,"Alamat: Jalan Dusun Ketro, RT.2/RW.06, Ketro, Watukarung, Kec. Pringkuku, Kabupaten Pacitan, Jawa Timur 63552, Indonesia",Pasir Putih Watukarung,wa.me/62853352610070,,,,,,,,,,,"https://www.google.com/maps/place/Suxip's+Homestay+Watukarung/@-8.2361416,110.975162,17z/data=!3m1!4b1!4m6!3m5!1s0x2e7bdd02d641ed11:0x431f62489d537ac1!8m2!3d-8.2361416!4d110.975162!16s%2Fg%2F11g1fst3j3?authuser=0&hl=id&entry=ttu&g_ep=EgoyMDI2MDcwNS4wIKXMDSoASAFQAw%3D%3D",,https://lh3.googleusercontent.com/gps-cs-s/APNQkAGGhL1pLeHAhQ806vXp9_9AqAU4T_oG_kNtTa9yUD9ZPgvFpzb6gLe_8g9CdLG5p0ZhIqWPQEDYHFhE3Q803yj9K4l9Wl5F-bCCQuZwmz75epp-LYmgoTaKO5kAQRVJf4q2Xvg=w408-h306-k-no,FALSE,FALSE,,TIDAK,TIDAK,TIDAK,TIDAK,TIDAK,TIDAK,TIDAK,TIDAK,Belum Lengkap,
35,Permata Ombak Homestay,Homestay,,,"Tekil, Pantai Kasap",Kasap,6282244544159,250-350,250-350,,18/07/2026,,"wifi, air mineral, sarapan 2 org, km dalam",14:00,12:00,https://www.instagram.com/permata_ombak_homestay?igsh=MnY2d3Q4amE5dzI=,Ya,"https://www.google.com/maps/place/HomestAy/@-8.2398061,110.9817748,17z/data=!3m1!4b1!4m6!3m5!1s0x2e7bdd773c966aff:0x6f19fbb2fb9aca78!8m2!3d-8.2398061!4d110.9817748!16s%2Fg%2F11llpfxvrk?authuser=0&hl=id&entry=ttu&g_ep=EgoyMDI2MDcwNS4wIKXMDSoASAFQAw%3D%3D",,https://lh3.googleusercontent.com/gps-cs-s/APNQkAGYDc5p68VyTJosig4aKYpY6TEh_tw1S6r5LVqKocfXj_xVXM1TrNyJ1OayRpyOb4C9ivchdsqlk0FDkUMyDMuYasIDRh4z7FhcuYBHTGEMzKQjc1OlKs4JW74kMYS3el7r4Ti7=w32-h32-p-k-no,TRUE,TRUE,,TIDAK,TIDAK,TIDAK,TIDAK,TIDAK,YA,YA,YA,Lengkap,
36,Zamzam Homestay Watukarung,Homestay,,,"Alamat: Ketro, RT.01/RW.06, Ketro, Watukarung, Kec. Pringkuku, Kabupaten Pacitan, Jawa Timur 63552, Indonesia",Pasir Putih Watukarung,6285211919292,,,,,,,,,,,https://www.google.com/maps/place/Zamzam+Homestay+Watukarung/data=!4m7!3m6!1s0x2e7bdd252fdc4695:0xcf5e5d34815ebb3b!8m2!3d-8.2362868!4d110.9742475!16s%2Fg%2F11x6d59c6q!19sChIJlUbcLyXdey4RO7tegTRdXs8?authuser=0&hl=id&rclk=1,https://www.zamzamhomestay.com/,https://lh3.googleusercontent.com/gps-cs-s/APNQkAFcu3Rk7X8hq9jINMC7qnhOZFZKhreWNK8BvB7rDC_1xY0FeAXNVWuLzXoYNLNrYBcTWHhFnm9jywevcV7iIk2rF5pAoECm9bjzzWEtwpCGlDMP1KOBlLfpsntTh_gOXhuA5vfdNM67m1D1=w408-h255-k-no,TRUE,TRUE,,TIDAK,TIDAK,TIDAK,TIDAK,YA,YA,YA,YA,Belum Lengkap,
37,Homestay Pondok Kranji,Homestay,Saryono,,"Alamat: Dusun Gumulharjo, Bercak-Kasap, Gumuharjo, Watukarung, Kec. Pringkuku, Kabupaten Pacitan, Jawa Timur, Indonesia",Bercak,6282338105424,300-1.500,300-1.500,,17/072026,,"kipas & ac, single & double bed, kamar mandi + amenities, air mineral, wifi, breakfast, view pantai bercak. Fasilitas tambahan: aula + karaoke, rumah makan, bebakaran, alat piknik",14.00,12.00,https://www.instagram.com/homestaypondokkranji?igsh=eTJvbnN0ODNnYWE=,Ya,"https://www.google.com/maps/place/Homestay+Pondok+Kranji/@-8.2391319,110.9805497,17z/data=!3m1!4b1!4m6!3m5!1s0x2e7bdd627b29a3ff:0xf58765713419e999!8m2!3d-8.2391319!4d110.9805497!16s%2Fg%2F11k7c85zkq?authuser=0&hl=id&entry=ttu&g_ep=EgoyMDI2MDcwNS4wIKXMDSoASAFQAw%3D%3D",,https://lh3.googleusercontent.com/gps-cs-s/APNQkAG4d40JqWz4Fgq-VcAH3JBeGuRkiOHdEMYf0a_pl5yDlBsL24Apqy12qfMi_vcjIZL94hCT3T0wIXLNtOgjkZMvaJO5lvW7BaDX6-XF2jhncGlCGbMakym9FGAkqkOzH81EQfvH=w408-h306-k-no,TRUE,TRUE,,TIDAK,TIDAK,TIDAK,TIDAK,TIDAK,YA,YA,TIDAK,Lengkap,
38,Bekape ,Homestay,Sucipto,Belum Dicek,"Tekil, Pantai Kasap, Desa, Gumuharjo, Watukarung, Kec. Pringkuku, Kabupaten Pacitan, Jawa Timur 63552",Kasap,wa.me/6282246598054,,,,,,,,,,Ya,https://maps.app.goo.gl/MrtsMyZKPvX92LV86,,,FALSE,FALSE,,TIDAK,TIDAK,TIDAK,TIDAK,TIDAK,TIDAK,TIDAK,TIDAK,,
39,Last Three Point homestay,Homestay,Edi,Belum Dicek,"Pantai Bercak, Gumuharjo, Watukarung, Kec. Pringkuku, Kabupaten Pacitan, Jawa Timur",Bercak,wa.me/6282246598054,,,,,,,,,,Ya,https://maps.app.goo.gl/1fPw4qPUD1UMknN47,,,FALSE,FALSE,,TIDAK,TIDAK,TIDAK,TIDAK,TIDAK,TIDAK,TIDAK,TIDAK,,
40,,Homestay,Sumardi,Belum Dicek,,Kasap,,,,,,,,,,,Tidak,,,,FALSE,FALSE,,TIDAK,TIDAK,TIDAK,TIDAK,TIDAK,TIDAK,TIDAK,TIDAK,,
41,Kasap Indah,Homestay,Sukipto,Belum Dicek,,Kasap,,,,,,,,,,,Tidak,,,,FALSE,FALSE,,TIDAK,TIDAK,TIDAK,TIDAK,TIDAK,TIDAK,TIDAK,TIDAK,,
42,Barokah,Homestay,Sumarmini,Belum Dicek,,Kasap,,,,,,,,,,,Tidak,,,,FALSE,FALSE,,TIDAK,TIDAK,TIDAK,TIDAK,TIDAK,TIDAK,TIDAK,TIDAK,,
43,Dua Candra,Homestay,Hartono,Belum Dicek,"QX7M+792, Gumuharjo, Watukarung, Kec. Pringkuku, Kabupaten Pacitan, Jawa Timur",Kasap,,,,,,,,,,,Ya,https://maps.app.goo.gl/hnn91T33C1W8xurT8,,,FALSE,FALSE,,TIDAK,TIDAK,TIDAK,TIDAK,TIDAK,TIDAK,TIDAK,TIDAK,,
44,Homestay Syar'i,Homestay,,,,Kasap,wa.me/6285232859801,,,,,,,,,,,,,,FALSE,FALSE,,TIDAK,TIDAK,TIDAK,TIDAK,TIDAK,TIDAK,TIDAK,TIDAK,,
45,,,,,,,,,,,,,,,,,,,,,FALSE,FALSE,,TIDAK,TIDAK,TIDAK,TIDAK,TIDAK,TIDAK,TIDAK,TIDAK,,
46,,,,,,,,,,,,,,,,,,,,,FALSE,FALSE,,TIDAK,TIDAK,TIDAK,TIDAK,TIDAK,TIDAK,TIDAK,TIDAK,,
47,,,,,,,,,,,,,,,,,,,,,FALSE,FALSE,,TIDAK,TIDAK,TIDAK,TIDAK,TIDAK,TIDAK,TIDAK,TIDAK,,
48,,,,,,,,,,,,,,,,,,,,,FALSE,FALSE,,TIDAK,TIDAK,TIDAK,TIDAK,TIDAK,TIDAK,TIDAK,TIDAK,,
49,,,,,,,,,,,,,,,,,,,,,FALSE,FALSE,,TIDAK,TIDAK,TIDAK,TIDAK,TIDAK,TIDAK,TIDAK,TIDAK,,
50,,,,,,,,,,,,,,,,,,,,,FALSE,FALSE,,TIDAK,TIDAK,TIDAK,TIDAK,TIDAK,TIDAK,TIDAK,TIDAK,,
51,,,,,,,,,,,,,,,,,,,,,FALSE,FALSE,,TIDAK,TIDAK,TIDAK,TIDAK,TIDAK,TIDAK,TIDAK,TIDAK,,
52,,,,,,,,,,,,,,,,,,,,,,,,,,,,,,,,,
53,,,,,,,,,,,,,,,,,,,,,,,,,,,,,,,,,
54,,,,,,,,,,,,,,,,,,,,,,,,,,,,,,,,,
55,,,,,,,,,,,,,,,,,,,,,,,,,,,,,,,,,
56,,,,,,,,,,,,,,,,,,,,,,,,,,,,,,,,,
57,,,,,,,,,,,,,,,,,,,,,,,,,,,,,,,,,
58,,,,,,,,,,,,,,,,,,,,,,,,,,,,,,,,,
59,,,,,,,,,,,,,,,,,,,,,,,,,,,,,,,,,
60,,,,,,,,,,,,,,,,,,,,,,,,,,,,,,,,,
61,,,,,,,,,,,,,,,,,,,,,,,,,,,,,,,,,
62,,,,,,,,,,,,,,,,,,,,,,,,,,,,,,,,,
63,,,,,,,,,,,,,,,,,,,,,,,,,,,,,,,,,
64,,,,,,,,,,,,,,,,,,,,,,,,,,,,,,,,,
65,,,,,,,,,,,,,,,,,,,,,,,,,,,,,,,,,
66,,,,,,,,,,,,,,,,,,,,,,,,,,,,,,,,,
67,,,,,,,,,,,,,,,,,,,,,,,,,,,,,,,,,
68,,,,,,,,,,,,,,,,,,,,,,,,,,,,,,,,,
69,,,,,,,,,,,,,,,,,,,,,,,,,,,,,,,,,
70,,,,,,,,,,,,,,,,,,,,,,,,,,,,,,,,,
71,,,,,,,,,,,,,,,,,,,,,,,,,,,,,,,,,
72,,,,,,,,,,,,,,,,,,,,,,,,,,,,,,,,,
73,,,,,,,,,,,,,,,,,,,,,,,,,,,,,,,,,
74,,,,,,,,,,,,,,,,,,,,,,,,,,,,,,,,,
75,,,,,,,,,,,,,,,,,,,,,,,,,,,,,,,,,